REGION_CLASS	REGION_MEMBER	USED_MEMBER	USED_CLASS	SOURCE_TYPE
com.uber.okbuck.template.core.Rule	name()	name	com.uber.okbuck.template.core.Rule	SOURCE
com.uber.okbuck.template.core.Rule	ruleType(java.lang.String)	ruleType	com.uber.okbuck.template.core.Rule	SOURCE
com.uber.okbuck.template.core.Rule	ruleType(java.lang.String)	this	com.uber.okbuck.template.core.Rule	SOURCE
com.uber.okbuck.template.core.Rule	ruleType(java.lang.String)	this	com.uber.okbuck.template.core.Rule	SOURCE
com.uber.okbuck.template.core.Rule	name(java.lang.String)	name	com.uber.okbuck.template.core.Rule	SOURCE
com.uber.okbuck.template.core.Rule	name(java.lang.String)	this	com.uber.okbuck.template.core.Rule	SOURCE
com.uber.okbuck.template.core.Rule	name(java.lang.String)	this	com.uber.okbuck.template.core.Rule	SOURCE
com.uber.okbuck.template.core.Rule	deps(java.util.Collection)	deps	com.uber.okbuck.template.core.Rule	SOURCE
com.uber.okbuck.template.core.Rule	deps(java.util.Collection)	this	com.uber.okbuck.template.core.Rule	SOURCE
com.uber.okbuck.template.core.Rule	deps(java.util.Collection)	this	com.uber.okbuck.template.core.Rule	SOURCE
com.uber.okbuck.template.core.Rule	labels(java.util.Collection)	labels	com.uber.okbuck.template.core.Rule	SOURCE
com.uber.okbuck.template.core.Rule	labels(java.util.Collection)	this	com.uber.okbuck.template.core.Rule	SOURCE
com.uber.okbuck.template.core.Rule	labels(java.util.Collection)	this	com.uber.okbuck.template.core.Rule	SOURCE
com.uber.okbuck.template.core.Rule	visibility(java.util.Collection)	visibility	com.uber.okbuck.template.core.Rule	SOURCE
com.uber.okbuck.template.core.Rule	visibility(java.util.Collection)	this	com.uber.okbuck.template.core.Rule	SOURCE
com.uber.okbuck.template.core.Rule	visibility(java.util.Collection)	this	com.uber.okbuck.template.core.Rule	SOURCE
com.uber.okbuck.template.core.Rule	defaultVisibility()	visibility	com.uber.okbuck.template.core.Rule	SOURCE
com.uber.okbuck.template.core.Rule	defaultVisibility()	this	com.uber.okbuck.template.core.Rule	SOURCE
com.uber.okbuck.template.core.Rule	defaultVisibility()	DEFAULT_VISIBILITY	com.uber.okbuck.template.core.Rule	SOURCE
com.uber.okbuck.template.core.Rule	defaultVisibility()	this	com.uber.okbuck.template.core.Rule	SOURCE
com.uber.okbuck.template.core.Rule	extraBuckOpts(java.util.Collection)	extraBuckOpts	com.uber.okbuck.template.core.Rule	SOURCE
com.uber.okbuck.template.core.Rule	extraBuckOpts(java.util.Collection)	this	com.uber.okbuck.template.core.Rule	SOURCE
com.uber.okbuck.template.core.Rule	extraBuckOpts(java.util.Collection)	this	com.uber.okbuck.template.core.Rule	SOURCE
com.uber.okbuck.template.core.RuleTemplate	RuleTemplate(com.fizzed.rocker.RockerModel)	ruleType	com.uber.okbuck.template.core.RuleTemplate	SOURCE
com.uber.okbuck.template.core.RuleTemplate	RuleTemplate(com.fizzed.rocker.RockerModel)	this	com.uber.okbuck.template.core.RuleTemplate	SOURCE
com.uber.okbuck.template.core.RuleTemplate	RuleTemplate(com.fizzed.rocker.RockerModel)	ruleType	com.uber.okbuck.template.core.Rule	SOURCE
com.uber.okbuck.template.core.RuleTemplate	RuleTemplate(com.fizzed.rocker.RockerModel)	name	com.uber.okbuck.template.core.RuleTemplate	SOURCE
com.uber.okbuck.template.core.RuleTemplate	RuleTemplate(com.fizzed.rocker.RockerModel)	this	com.uber.okbuck.template.core.RuleTemplate	SOURCE
com.uber.okbuck.template.core.RuleTemplate	RuleTemplate(com.fizzed.rocker.RockerModel)	name	com.uber.okbuck.template.core.Rule	SOURCE
com.uber.okbuck.template.core.RuleTemplate	RuleTemplate(com.fizzed.rocker.RockerModel)	visibility	com.uber.okbuck.template.core.RuleTemplate	SOURCE
com.uber.okbuck.template.core.RuleTemplate	RuleTemplate(com.fizzed.rocker.RockerModel)	this	com.uber.okbuck.template.core.RuleTemplate	SOURCE
com.uber.okbuck.template.core.RuleTemplate	RuleTemplate(com.fizzed.rocker.RockerModel)	visibility	com.uber.okbuck.template.core.Rule	SOURCE
com.uber.okbuck.template.core.RuleTemplate	RuleTemplate(com.fizzed.rocker.RockerModel)	deps	com.uber.okbuck.template.core.RuleTemplate	SOURCE
com.uber.okbuck.template.core.RuleTemplate	RuleTemplate(com.fizzed.rocker.RockerModel)	this	com.uber.okbuck.template.core.RuleTemplate	SOURCE
com.uber.okbuck.template.core.RuleTemplate	RuleTemplate(com.fizzed.rocker.RockerModel)	deps	com.uber.okbuck.template.core.Rule	SOURCE
com.uber.okbuck.template.core.RuleTemplate	RuleTemplate(com.fizzed.rocker.RockerModel)	labels	com.uber.okbuck.template.core.RuleTemplate	SOURCE
com.uber.okbuck.template.core.RuleTemplate	RuleTemplate(com.fizzed.rocker.RockerModel)	this	com.uber.okbuck.template.core.RuleTemplate	SOURCE
com.uber.okbuck.template.core.RuleTemplate	RuleTemplate(com.fizzed.rocker.RockerModel)	labels	com.uber.okbuck.template.core.Rule	SOURCE
com.uber.okbuck.template.core.RuleTemplate	RuleTemplate(com.fizzed.rocker.RockerModel)	extraBuckOpts	com.uber.okbuck.template.core.RuleTemplate	SOURCE
com.uber.okbuck.template.core.RuleTemplate	RuleTemplate(com.fizzed.rocker.RockerModel)	this	com.uber.okbuck.template.core.RuleTemplate	SOURCE
com.uber.okbuck.template.core.RuleTemplate	RuleTemplate(com.fizzed.rocker.RockerModel)	extraBuckOpts	com.uber.okbuck.template.core.Rule	SOURCE
com.uber.okbuck.template.core.RuleTemplate	RuleTemplate(com.fizzed.rocker.RockerModel)	class	com.uber.okbuck.template.core.Rule	SOURCE
com.uber.okbuck.template.core.RuleTemplate	__associate(com.fizzed.rocker.RockerTemplate)	super	com.uber.okbuck.template.core.RuleTemplate	SOURCE
com.uber.okbuck.template.core.RuleTemplate	__associate(com.fizzed.rocker.RockerTemplate)	ruleType	com.uber.okbuck.template.core.RuleTemplate	SOURCE
com.uber.okbuck.template.core.RuleTemplate	__associate(com.fizzed.rocker.RockerTemplate)	this	com.uber.okbuck.template.core.RuleTemplate	SOURCE
com.uber.okbuck.template.core.RuleTemplate	__associate(com.fizzed.rocker.RockerTemplate)	ruleType	com.uber.okbuck.template.core.RuleTemplate	SOURCE
com.uber.okbuck.template.core.RuleTemplate	__associate(com.fizzed.rocker.RockerTemplate)	name	com.uber.okbuck.template.core.RuleTemplate	SOURCE
com.uber.okbuck.template.core.RuleTemplate	__associate(com.fizzed.rocker.RockerTemplate)	this	com.uber.okbuck.template.core.RuleTemplate	SOURCE
com.uber.okbuck.template.core.RuleTemplate	__associate(com.fizzed.rocker.RockerTemplate)	name	com.uber.okbuck.template.core.RuleTemplate	SOURCE
com.uber.okbuck.template.core.RuleTemplate	__associate(com.fizzed.rocker.RockerTemplate)	visibility	com.uber.okbuck.template.core.RuleTemplate	SOURCE
com.uber.okbuck.template.core.RuleTemplate	__associate(com.fizzed.rocker.RockerTemplate)	this	com.uber.okbuck.template.core.RuleTemplate	SOURCE
com.uber.okbuck.template.core.RuleTemplate	__associate(com.fizzed.rocker.RockerTemplate)	visibility	com.uber.okbuck.template.core.RuleTemplate	SOURCE
com.uber.okbuck.template.core.RuleTemplate	__associate(com.fizzed.rocker.RockerTemplate)	deps	com.uber.okbuck.template.core.RuleTemplate	SOURCE
com.uber.okbuck.template.core.RuleTemplate	__associate(com.fizzed.rocker.RockerTemplate)	this	com.uber.okbuck.template.core.RuleTemplate	SOURCE
com.uber.okbuck.template.core.RuleTemplate	__associate(com.fizzed.rocker.RockerTemplate)	deps	com.uber.okbuck.template.core.RuleTemplate	SOURCE
com.uber.okbuck.template.core.RuleTemplate	__associate(com.fizzed.rocker.RockerTemplate)	labels	com.uber.okbuck.template.core.RuleTemplate	SOURCE
com.uber.okbuck.template.core.RuleTemplate	__associate(com.fizzed.rocker.RockerTemplate)	this	com.uber.okbuck.template.core.RuleTemplate	SOURCE
com.uber.okbuck.template.core.RuleTemplate	__associate(com.fizzed.rocker.RockerTemplate)	labels	com.uber.okbuck.template.core.RuleTemplate	SOURCE
com.uber.okbuck.template.core.RuleTemplate	__associate(com.fizzed.rocker.RockerTemplate)	extraBuckOpts	com.uber.okbuck.template.core.RuleTemplate	SOURCE
com.uber.okbuck.template.core.RuleTemplate	__associate(com.fizzed.rocker.RockerTemplate)	this	com.uber.okbuck.template.core.RuleTemplate	SOURCE
com.uber.okbuck.template.core.RuleTemplate	__associate(com.fizzed.rocker.RockerTemplate)	extraBuckOpts	com.uber.okbuck.template.core.RuleTemplate	SOURCE
com.uber.okbuck.template.core.RuleTemplate	__associate(com.fizzed.rocker.RockerTemplate)	class	com.uber.okbuck.template.core.RuleTemplate	SOURCE
com.uber.okbuck.extension.OkBuckExtension	OkBuckExtension(org.gradle.api.Project)	buckProjects	com.uber.okbuck.extension.OkBuckExtension	SOURCE
com.uber.okbuck.extension.OkBuckExtension	OkBuckExtension(org.gradle.api.Project)	kotlinExtension	com.uber.okbuck.extension.OkBuckExtension	SOURCE
com.uber.okbuck.extension.OkBuckExtension	OkBuckExtension(org.gradle.api.Project)	lintExtension	com.uber.okbuck.extension.OkBuckExtension	SOURCE
com.uber.okbuck.extension.OkBuckExtension	wrapper(org.gradle.api.Action)	wrapperExtension	com.uber.okbuck.extension.OkBuckExtension	SOURCE
com.uber.okbuck.extension.OkBuckExtension	getWrapperExtension()	wrapperExtension	com.uber.okbuck.extension.OkBuckExtension	SOURCE
com.uber.okbuck.extension.OkBuckExtension	kotlin(org.gradle.api.Action)	kotlinExtension	com.uber.okbuck.extension.OkBuckExtension	SOURCE
com.uber.okbuck.extension.OkBuckExtension	getKotlinExtension()	kotlinExtension	com.uber.okbuck.extension.OkBuckExtension	SOURCE
com.uber.okbuck.extension.OkBuckExtension	scala(org.gradle.api.Action)	scalaExtension	com.uber.okbuck.extension.OkBuckExtension	SOURCE
com.uber.okbuck.extension.OkBuckExtension	getScalaExtension()	scalaExtension	com.uber.okbuck.extension.OkBuckExtension	SOURCE
com.uber.okbuck.extension.OkBuckExtension	intellij(org.gradle.api.Action)	intellijExtension	com.uber.okbuck.extension.OkBuckExtension	SOURCE
com.uber.okbuck.extension.OkBuckExtension	getIntellijExtension()	intellijExtension	com.uber.okbuck.extension.OkBuckExtension	SOURCE
com.uber.okbuck.extension.OkBuckExtension	experimental(org.gradle.api.Action)	experimentalExtension	com.uber.okbuck.extension.OkBuckExtension	SOURCE
com.uber.okbuck.extension.OkBuckExtension	getExperimentalExtension()	experimentalExtension	com.uber.okbuck.extension.OkBuckExtension	SOURCE
com.uber.okbuck.extension.OkBuckExtension	test(org.gradle.api.Action)	testExtension	com.uber.okbuck.extension.OkBuckExtension	SOURCE
com.uber.okbuck.extension.OkBuckExtension	getTestExtension()	testExtension	com.uber.okbuck.extension.OkBuckExtension	SOURCE
com.uber.okbuck.extension.OkBuckExtension	lint(org.gradle.api.Action)	lintExtension	com.uber.okbuck.extension.OkBuckExtension	SOURCE
com.uber.okbuck.extension.OkBuckExtension	getLintExtension()	lintExtension	com.uber.okbuck.extension.OkBuckExtension	SOURCE
com.uber.okbuck.extension.OkBuckExtension	transform(org.gradle.api.Action)	transformExtension	com.uber.okbuck.extension.OkBuckExtension	SOURCE
com.uber.okbuck.extension.OkBuckExtension	getTransformExtension()	transformExtension	com.uber.okbuck.extension.OkBuckExtension	SOURCE
com.uber.okbuck.extension.OkBuckExtension	externalDependencies(org.gradle.api.Action)	externalDependenciesExtension	com.uber.okbuck.extension.OkBuckExtension	SOURCE
com.uber.okbuck.extension.OkBuckExtension	getExternalDependenciesExtension()	externalDependenciesExtension	com.uber.okbuck.extension.OkBuckExtension	SOURCE
com.uber.okbuck.extension.KotlinExtension	KotlinExtension(org.gradle.api.Project)	version	com.uber.okbuck.extension.KotlinExtension	SOURCE
com.uber.okbuck.extension.LintExtension	LintExtension(org.gradle.api.Project)	version	com.uber.okbuck.extension.LintExtension	SOURCE
com.uber.okbuck.extension.ExternalDependenciesExtension	getAllowedVersionsMap()	allowedVersionsMap	com.uber.okbuck.extension.ExternalDependenciesExtension	SOURCE
com.uber.okbuck.extension.ExternalDependenciesExtension	getAllowedVersionsMap()	allowedVersionsMap	com.uber.okbuck.extension.ExternalDependenciesExtension	SOURCE
com.uber.okbuck.extension.ExternalDependenciesExtension	getAllowedVersionsMap()	allowSpecificVersions	com.uber.okbuck.extension.ExternalDependenciesExtension	SOURCE
com.uber.okbuck.extension.ExternalDependenciesExtension	getAllowedVersionsMap()	allowedVersionsMap	com.uber.okbuck.extension.ExternalDependenciesExtension	SOURCE
com.uber.okbuck.extension.ExternalDependenciesExtension	getAllowAllVersionsSet()	allowAllVersionsSet	com.uber.okbuck.extension.ExternalDependenciesExtension	SOURCE
com.uber.okbuck.extension.ExternalDependenciesExtension	getAllowAllVersionsSet()	allowAllVersionsSet	com.uber.okbuck.extension.ExternalDependenciesExtension	SOURCE
com.uber.okbuck.extension.ExternalDependenciesExtension	getAllowAllVersionsSet()	allowAllVersions	com.uber.okbuck.extension.ExternalDependenciesExtension	SOURCE
com.uber.okbuck.extension.ExternalDependenciesExtension	getAllowAllVersionsSet()	allowAllVersionsSet	com.uber.okbuck.extension.ExternalDependenciesExtension	SOURCE
com.uber.okbuck.core.dependency.VersionlessDependency	mavenCoords()	COORD_DELIMITER	com.uber.okbuck.core.dependency.VersionlessDependency	SOURCE
com.uber.okbuck.core.dependency.VersionlessDependency	mavenCoords()	COORD_DELIMITER	com.uber.okbuck.core.dependency.VersionlessDependency	SOURCE
com.uber.okbuck.core.dependency.VersionlessDependency	fromMavenCoords(java.lang.String)	COORD_DELIMITER	com.uber.okbuck.core.dependency.VersionlessDependency	SOURCE
com.uber.okbuck.core.dependency.ExternalDependency	equals(java.lang.Object)	this	com.uber.okbuck.core.dependency.ExternalDependency	SOURCE
com.uber.okbuck.core.dependency.ExternalDependency	equals(java.lang.Object)	base	com.uber.okbuck.core.dependency.ExternalDependency	SOURCE
com.uber.okbuck.core.dependency.ExternalDependency	equals(java.lang.Object)	base	com.uber.okbuck.core.dependency.ExternalDependency	SOURCE
com.uber.okbuck.core.dependency.ExternalDependency	hashCode()	base	com.uber.okbuck.core.dependency.ExternalDependency	SOURCE
com.uber.okbuck.core.dependency.ExternalDependency	hashCode()	this	com.uber.okbuck.core.dependency.ExternalDependency	SOURCE
com.uber.okbuck.core.dependency.ExternalDependency	toString()	base	com.uber.okbuck.core.dependency.ExternalDependency	SOURCE
com.uber.okbuck.core.dependency.ExternalDependency	toString()	this	com.uber.okbuck.core.dependency.ExternalDependency	SOURCE
com.uber.okbuck.core.dependency.ExternalDependency	getGroup()	base	com.uber.okbuck.core.dependency.ExternalDependency	SOURCE
com.uber.okbuck.core.dependency.ExternalDependency	getGroup()	this	com.uber.okbuck.core.dependency.ExternalDependency	SOURCE
com.uber.okbuck.core.dependency.ExternalDependency	getName()	base	com.uber.okbuck.core.dependency.ExternalDependency	SOURCE
com.uber.okbuck.core.dependency.ExternalDependency	getName()	this	com.uber.okbuck.core.dependency.ExternalDependency	SOURCE
com.uber.okbuck.core.dependency.ExternalDependency	getVersionless()	base	com.uber.okbuck.core.dependency.ExternalDependency	SOURCE
com.uber.okbuck.core.dependency.ExternalDependency	getVersionless()	this	com.uber.okbuck.core.dependency.ExternalDependency	SOURCE
com.uber.okbuck.core.dependency.ExternalDependency	getVersion()	base	com.uber.okbuck.core.dependency.ExternalDependency	SOURCE
com.uber.okbuck.core.dependency.ExternalDependency	getVersion()	this	com.uber.okbuck.core.dependency.ExternalDependency	SOURCE
com.uber.okbuck.core.dependency.ExternalDependency	getRealDependencyFile()	base	com.uber.okbuck.core.dependency.ExternalDependency	SOURCE
com.uber.okbuck.core.dependency.ExternalDependency	getRealDependencyFile()	this	com.uber.okbuck.core.dependency.ExternalDependency	SOURCE
com.uber.okbuck.core.dependency.ExternalDependency	getPackaging()	base	com.uber.okbuck.core.dependency.ExternalDependency	SOURCE
com.uber.okbuck.core.dependency.ExternalDependency	getPackaging()	this	com.uber.okbuck.core.dependency.ExternalDependency	SOURCE
com.uber.okbuck.core.dependency.ExternalDependency	getMavenCoords()	base	com.uber.okbuck.core.dependency.ExternalDependency	SOURCE
com.uber.okbuck.core.dependency.ExternalDependency	getMavenCoords()	this	com.uber.okbuck.core.dependency.ExternalDependency	SOURCE
com.uber.okbuck.core.dependency.ExternalDependency	getBasePath()	base	com.uber.okbuck.core.dependency.ExternalDependency	SOURCE
com.uber.okbuck.core.dependency.ExternalDependency	getBasePath()	this	com.uber.okbuck.core.dependency.ExternalDependency	SOURCE
com.uber.okbuck.core.dependency.ExternalDependency	getCacheName()	base	com.uber.okbuck.core.dependency.ExternalDependency	SOURCE
com.uber.okbuck.core.dependency.ExternalDependency	getCacheName()	this	com.uber.okbuck.core.dependency.ExternalDependency	SOURCE
com.uber.okbuck.core.dependency.ExternalDependency	getDependencyFilePath()	this	com.uber.okbuck.core.dependency.ExternalDependency	SOURCE
com.uber.okbuck.core.dependency.ExternalDependency	getLintFileName()	LINT_FILE	com.uber.okbuck.core.dependency.ExternalDependency	SOURCE
com.uber.okbuck.core.dependency.ExternalDependency	getLintFilePath()	base	com.uber.okbuck.core.dependency.ExternalDependency	SOURCE
com.uber.okbuck.core.dependency.ExternalDependency	getLintFilePath()	this	com.uber.okbuck.core.dependency.ExternalDependency	SOURCE
com.uber.okbuck.core.dependency.ExternalDependency	getRealSourceFilePath(org.gradle.api.Project)	sourceFileInitialized	com.uber.okbuck.core.dependency.ExternalDependency	SOURCE
com.uber.okbuck.core.dependency.ExternalDependency	getRealSourceFilePath(org.gradle.api.Project)	realSourceFilePath	com.uber.okbuck.core.dependency.ExternalDependency	SOURCE
com.uber.okbuck.core.dependency.ExternalDependency	getRealSourceFilePath(org.gradle.api.Project)	sourceFileInitialized	com.uber.okbuck.core.dependency.ExternalDependency	SOURCE
com.uber.okbuck.core.dependency.ExternalDependency	getRealSourceFilePath(org.gradle.api.Project)	realSourceFilePath	com.uber.okbuck.core.dependency.ExternalDependency	SOURCE
com.uber.okbuck.core.dependency.ExternalDependency	hasSourceFile()	realSourceFilePath	com.uber.okbuck.core.dependency.ExternalDependency	SOURCE
com.uber.okbuck.core.dependency.ExternalDependency	getRealLintFilePath()	lintFileInitialized	com.uber.okbuck.core.dependency.ExternalDependency	SOURCE
com.uber.okbuck.core.dependency.ExternalDependency	getRealLintFilePath()	AAR	com.uber.okbuck.core.dependency.ExternalDependency	SOURCE
com.uber.okbuck.core.dependency.ExternalDependency	getRealLintFilePath()	realLintFilePath	com.uber.okbuck.core.dependency.ExternalDependency	SOURCE
com.uber.okbuck.core.dependency.ExternalDependency	getRealLintFilePath()	realLintFilePath	com.uber.okbuck.core.dependency.ExternalDependency	SOURCE
com.uber.okbuck.core.dependency.ExternalDependency	getRealLintFilePath()	lintFileInitialized	com.uber.okbuck.core.dependency.ExternalDependency	SOURCE
com.uber.okbuck.core.dependency.ExternalDependency	getRealLintFilePath()	realLintFilePath	com.uber.okbuck.core.dependency.ExternalDependency	SOURCE
com.uber.okbuck.core.dependency.ExternalDependency	hasLintFile()	realLintFilePath	com.uber.okbuck.core.dependency.ExternalDependency	SOURCE
com.uber.okbuck.core.dependency.ExternalDependency	computeSourceFile(org.gradle.api.Project)	JAR	com.uber.okbuck.core.dependency.ExternalDependency	SOURCE
com.uber.okbuck.core.dependency.ExternalDependency	computeSourceFile(org.gradle.api.Project)	AAR	com.uber.okbuck.core.dependency.ExternalDependency	SOURCE
com.uber.okbuck.core.dependency.ExternalDependency	computeSourceFile(org.gradle.api.Project)	base	com.uber.okbuck.core.dependency.ExternalDependency	SOURCE
com.uber.okbuck.core.dependency.ExternalDependency	getSourceFileNameFrom(java.lang.String)	JAR	com.uber.okbuck.core.dependency.ExternalDependency	SOURCE
com.uber.okbuck.core.dependency.ExternalDependency	getSourceFileNameFrom(java.lang.String)	AAR	com.uber.okbuck.core.dependency.ExternalDependency	SOURCE
com.uber.okbuck.core.dependency.ExternalDependency	getSourceFileNameFrom(java.lang.String)	SOURCE_FILE	com.uber.okbuck.core.dependency.ExternalDependency	SOURCE
com.uber.okbuck.core.dependency.ExternalDependency	ExternalDependency(java.lang.String,java.lang.String,java.lang.String,java.lang.String,java.io.File,boolean,com.uber.okbuck.extension.ExternalDependenciesExtension)	LOCAL_DEP_VERSION	com.uber.okbuck.core.dependency.ExternalDependency	SOURCE
com.uber.okbuck.core.dependency.ExternalDependency	ExternalDependency(java.lang.String,java.lang.String,java.lang.String,java.lang.String,java.io.File,boolean,com.uber.okbuck.extension.ExternalDependenciesExtension)	base	com.uber.okbuck.core.dependency.ExternalDependency	SOURCE
com.uber.okbuck.core.dependency.ExternalDependency	ExternalDependency(java.lang.String,java.lang.String,java.lang.String,java.lang.String,java.io.File,boolean,com.uber.okbuck.extension.ExternalDependenciesExtension)	this	com.uber.okbuck.core.dependency.ExternalDependency	SOURCE
com.uber.okbuck.core.dependency.ExternalDependency	fromLocal(java.io.File,com.uber.okbuck.extension.ExternalDependenciesExtension)	LOCAL_GROUP	com.uber.okbuck.core.dependency.ExternalDependency	SOURCE
com.uber.okbuck.core.dependency.ExternalDependency	fromLocal(java.io.File,com.uber.okbuck.extension.ExternalDependenciesExtension)	LOCAL_DEP_VERSION	com.uber.okbuck.core.dependency.ExternalDependency	SOURCE
com.uber.okbuck.core.dependency.BaseExternalDependency	toString()	this	com.uber.okbuck.core.dependency.BaseExternalDependency	SOURCE
com.uber.okbuck.core.dependency.BaseExternalDependency	getMavenCoords()	COORD_DELIMITER	com.uber.okbuck.core.dependency.VersionlessDependency	SOURCE
com.uber.okbuck.core.dependency.BaseExternalDependency	getMavenCoords()	COORD_DELIMITER	com.uber.okbuck.core.dependency.VersionlessDependency	SOURCE
com.uber.okbuck.core.dependency.BaseExternalDependency	getMavenCoords()	COORD_DELIMITER	com.uber.okbuck.core.dependency.VersionlessDependency	SOURCE
com.uber.okbuck.core.dependency.BaseExternalDependency	getMavenCoords()	COORD_DELIMITER	com.uber.okbuck.core.dependency.VersionlessDependency	SOURCE
com.uber.okbuck.core.dependency.BaseExternalDependency	cacheName()	CACHE_DELIMITER	com.uber.okbuck.core.dependency.BaseExternalDependency	SOURCE
com.uber.okbuck.core.dependency.BaseExternalDependency	cacheName()	CACHE_DELIMITER	com.uber.okbuck.core.dependency.BaseExternalDependency	SOURCE
com.uber.okbuck.core.dependency.BaseExternalDependency	basePath()	separatorChar	java.io.File	SOURCE
com.uber.okbuck.OkBuckGradlePlugin	OKBUCK_STATE_DIR	OKBUCK_STATE_DIR	com.uber.okbuck.OkBuckGradlePlugin	SOURCE
com.uber.okbuck.OkBuckGradlePlugin	apply(org.gradle.api.Project)	OKBUCK	com.uber.okbuck.OkBuckGradlePlugin	SOURCE
com.uber.okbuck.OkBuckGradlePlugin	apply(org.gradle.api.Project)	class	com.uber.okbuck.extension.OkBuckExtension	SOURCE
com.uber.okbuck.OkBuckGradlePlugin	apply(org.gradle.api.Project)	CONFIGURATION_TRANSFORM	com.uber.okbuck.core.manager.TransformManager	SOURCE
com.uber.okbuck.OkBuckGradlePlugin	apply(org.gradle.api.Project)	FORCED_OKBUCK	com.uber.okbuck.OkBuckGradlePlugin	SOURCE
com.uber.okbuck.OkBuckGradlePlugin	apply(org.gradle.api.Project)	GROUP	com.uber.okbuck.OkBuckGradlePlugin	SOURCE
com.uber.okbuck.OkBuckGradlePlugin	apply(org.gradle.api.Project)	targetCache	com.uber.okbuck.OkBuckGradlePlugin	SOURCE
com.uber.okbuck.OkBuckGradlePlugin	apply(org.gradle.api.Project)	annotationProcessorCache	com.uber.okbuck.OkBuckGradlePlugin	SOURCE
com.uber.okbuck.OkBuckGradlePlugin	apply(org.gradle.api.Project)	PROCESSOR_BUCK_FILE	com.uber.okbuck.OkBuckGradlePlugin	SOURCE
com.uber.okbuck.OkBuckGradlePlugin	apply(org.gradle.api.Project)	dependencyManager	com.uber.okbuck.OkBuckGradlePlugin	SOURCE
com.uber.okbuck.OkBuckGradlePlugin	apply(org.gradle.api.Project)	externalDependencyCache	com.uber.okbuck.extension.OkBuckExtension	SOURCE
com.uber.okbuck.OkBuckGradlePlugin	apply(org.gradle.api.Project)	lintManager	com.uber.okbuck.OkBuckGradlePlugin	SOURCE
com.uber.okbuck.OkBuckGradlePlugin	apply(org.gradle.api.Project)	LINT_BUCK_FILE	com.uber.okbuck.OkBuckGradlePlugin	SOURCE
com.uber.okbuck.OkBuckGradlePlugin	apply(org.gradle.api.Project)	kotlinManager	com.uber.okbuck.OkBuckGradlePlugin	SOURCE
com.uber.okbuck.OkBuckGradlePlugin	apply(org.gradle.api.Project)	scalaManager	com.uber.okbuck.OkBuckGradlePlugin	SOURCE
com.uber.okbuck.OkBuckGradlePlugin	apply(org.gradle.api.Project)	groovyManager	com.uber.okbuck.OkBuckGradlePlugin	SOURCE
com.uber.okbuck.OkBuckGradlePlugin	apply(org.gradle.api.Project)	robolectricManager	com.uber.okbuck.OkBuckGradlePlugin	SOURCE
com.uber.okbuck.OkBuckGradlePlugin	apply(org.gradle.api.Project)	transformManager	com.uber.okbuck.OkBuckGradlePlugin	SOURCE
com.uber.okbuck.OkBuckGradlePlugin	apply(org.gradle.api.Project)	buckManager	com.uber.okbuck.OkBuckGradlePlugin	SOURCE
com.uber.okbuck.OkBuckGradlePlugin	apply(org.gradle.api.Project)	OKBUCK	com.uber.okbuck.OkBuckGradlePlugin	SOURCE
com.uber.okbuck.OkBuckGradlePlugin	apply(org.gradle.api.Project)	class	com.uber.okbuck.core.task.OkBuckTask	SOURCE
com.uber.okbuck.OkBuckGradlePlugin	apply(org.gradle.api.Project)	annotationProcessorCache	com.uber.okbuck.OkBuckGradlePlugin	SOURCE
com.uber.okbuck.OkBuckGradlePlugin	apply(org.gradle.api.Project)	dependencyManager	com.uber.okbuck.OkBuckGradlePlugin	SOURCE
com.uber.okbuck.OkBuckGradlePlugin	apply(org.gradle.api.Project)	lintManager	com.uber.okbuck.OkBuckGradlePlugin	SOURCE
com.uber.okbuck.OkBuckGradlePlugin	apply(org.gradle.api.Project)	kotlinManager	com.uber.okbuck.OkBuckGradlePlugin	SOURCE
com.uber.okbuck.OkBuckGradlePlugin	apply(org.gradle.api.Project)	scalaManager	com.uber.okbuck.OkBuckGradlePlugin	SOURCE
com.uber.okbuck.OkBuckGradlePlugin	apply(org.gradle.api.Project)	groovyManager	com.uber.okbuck.OkBuckGradlePlugin	SOURCE
com.uber.okbuck.OkBuckGradlePlugin	apply(org.gradle.api.Project)	robolectricManager	com.uber.okbuck.OkBuckGradlePlugin	SOURCE
com.uber.okbuck.OkBuckGradlePlugin	apply(org.gradle.api.Project)	transformManager	com.uber.okbuck.OkBuckGradlePlugin	SOURCE
com.uber.okbuck.OkBuckGradlePlugin	apply(org.gradle.api.Project)	buckManager	com.uber.okbuck.OkBuckGradlePlugin	SOURCE
com.uber.okbuck.OkBuckGradlePlugin	apply(org.gradle.api.Project)	BUCK_WRAPPER	com.uber.okbuck.OkBuckGradlePlugin	SOURCE
com.uber.okbuck.OkBuckGradlePlugin	apply(org.gradle.api.Project)	class	com.uber.okbuck.wrapper.BuckWrapperTask	SOURCE
com.uber.okbuck.OkBuckGradlePlugin	apply(org.gradle.api.Project)	repo	com.uber.okbuck.extension.WrapperExtension	SOURCE
com.uber.okbuck.OkBuckGradlePlugin	apply(org.gradle.api.Project)	watch	com.uber.okbuck.extension.WrapperExtension	SOURCE
com.uber.okbuck.OkBuckGradlePlugin	apply(org.gradle.api.Project)	sourceRoots	com.uber.okbuck.extension.WrapperExtension	SOURCE
com.uber.okbuck.OkBuckGradlePlugin	apply(org.gradle.api.Project)	ignoredDirs	com.uber.okbuck.extension.WrapperExtension	SOURCE
com.uber.okbuck.OkBuckGradlePlugin	apply(org.gradle.api.Project)	extraDepCaches	com.uber.okbuck.extension.OkBuckExtension	SOURCE
com.uber.okbuck.OkBuckGradlePlugin	apply(org.gradle.api.Project)	OKBUCK_GEN	com.uber.okbuck.OkBuckGradlePlugin	SOURCE
com.uber.okbuck.OkBuckGradlePlugin	apply(org.gradle.api.Project)	buckProjects	com.uber.okbuck.extension.OkBuckExtension	SOURCE
com.uber.okbuck.OkBuckGradlePlugin	apply(org.gradle.api.Project)	targetCache	com.uber.okbuck.OkBuckGradlePlugin	SOURCE
com.uber.okbuck.OkBuckGradlePlugin	apply(org.gradle.api.Project)	depCache	com.uber.okbuck.OkBuckGradlePlugin	SOURCE
com.uber.okbuck.OkBuckGradlePlugin	apply(org.gradle.api.Project)	dependencyManager	com.uber.okbuck.OkBuckGradlePlugin	SOURCE
com.uber.okbuck.OkBuckGradlePlugin	apply(org.gradle.api.Project)	FORCED_OKBUCK	com.uber.okbuck.OkBuckGradlePlugin	SOURCE
com.uber.okbuck.OkBuckGradlePlugin	apply(org.gradle.api.Project)	disabled	com.uber.okbuck.extension.LintExtension	SOURCE
com.uber.okbuck.OkBuckGradlePlugin	apply(org.gradle.api.Project)	version	com.uber.okbuck.extension.LintExtension	SOURCE
com.uber.okbuck.OkBuckGradlePlugin	apply(org.gradle.api.Project)	lintManager	com.uber.okbuck.OkBuckGradlePlugin	SOURCE
com.uber.okbuck.OkBuckGradlePlugin	apply(org.gradle.api.Project)	version	com.uber.okbuck.extension.LintExtension	SOURCE
com.uber.okbuck.OkBuckGradlePlugin	apply(org.gradle.api.Project)	transform	com.uber.okbuck.extension.ExperimentalExtension	SOURCE
com.uber.okbuck.OkBuckGradlePlugin	apply(org.gradle.api.Project)	transformManager	com.uber.okbuck.OkBuckGradlePlugin	SOURCE
com.uber.okbuck.OkBuckGradlePlugin	apply(org.gradle.api.Project)	robolectric	com.uber.okbuck.extension.TestExtension	SOURCE
com.uber.okbuck.OkBuckGradlePlugin	apply(org.gradle.api.Project)	robolectricManager	com.uber.okbuck.OkBuckGradlePlugin	SOURCE
com.uber.okbuck.OkBuckGradlePlugin	apply(org.gradle.api.Project)	dependencyManager	com.uber.okbuck.OkBuckGradlePlugin	SOURCE
com.uber.okbuck.OkBuckGradlePlugin	apply(org.gradle.api.Project)	buckManager	com.uber.okbuck.OkBuckGradlePlugin	SOURCE
com.uber.okbuck.OkBuckGradlePlugin	apply(org.gradle.api.Project)	OKBUCK_CLEAN	com.uber.okbuck.OkBuckGradlePlugin	SOURCE
com.uber.okbuck.OkBuckGradlePlugin	apply(org.gradle.api.Project)	class	com.uber.okbuck.core.task.OkBuckCleanTask	SOURCE
com.uber.okbuck.OkBuckGradlePlugin	apply(org.gradle.api.Project)	buckProjects	com.uber.okbuck.extension.OkBuckExtension	SOURCE
com.uber.okbuck.OkBuckGradlePlugin	apply(org.gradle.api.Project)	buckProjects	com.uber.okbuck.extension.OkBuckExtension	SOURCE
com.uber.okbuck.OkBuckGradlePlugin	apply(org.gradle.api.Project)	BUCK_LINT	com.uber.okbuck.OkBuckGradlePlugin	SOURCE
com.uber.okbuck.OkBuckGradlePlugin	apply(org.gradle.api.Project)	OKBUCK	com.uber.okbuck.OkBuckGradlePlugin	SOURCE
com.uber.okbuck.core.task.OkBuckTask	OkBuckTask(com.uber.okbuck.extension.OkBuckExtension,com.uber.okbuck.extension.KotlinExtension,com.uber.okbuck.extension.ScalaExtension)	okBuckExtension	com.uber.okbuck.core.task.OkBuckTask	SOURCE
com.uber.okbuck.core.task.OkBuckTask	OkBuckTask(com.uber.okbuck.extension.OkBuckExtension,com.uber.okbuck.extension.KotlinExtension,com.uber.okbuck.extension.ScalaExtension)	this	com.uber.okbuck.core.task.OkBuckTask	SOURCE
com.uber.okbuck.core.task.OkBuckTask	OkBuckTask(com.uber.okbuck.extension.OkBuckExtension,com.uber.okbuck.extension.KotlinExtension,com.uber.okbuck.extension.ScalaExtension)	kotlinExtension	com.uber.okbuck.core.task.OkBuckTask	SOURCE
com.uber.okbuck.core.task.OkBuckTask	OkBuckTask(com.uber.okbuck.extension.OkBuckExtension,com.uber.okbuck.extension.KotlinExtension,com.uber.okbuck.extension.ScalaExtension)	this	com.uber.okbuck.core.task.OkBuckTask	SOURCE
com.uber.okbuck.core.task.OkBuckTask	OkBuckTask(com.uber.okbuck.extension.OkBuckExtension,com.uber.okbuck.extension.KotlinExtension,com.uber.okbuck.extension.ScalaExtension)	scalaExtension	com.uber.okbuck.core.task.OkBuckTask	SOURCE
com.uber.okbuck.core.task.OkBuckTask	OkBuckTask(com.uber.okbuck.extension.OkBuckExtension,com.uber.okbuck.extension.KotlinExtension,com.uber.okbuck.extension.ScalaExtension)	this	com.uber.okbuck.core.task.OkBuckTask	SOURCE
com.uber.okbuck.core.task.OkBuckTask	okbuck()	buckProjects	com.uber.okbuck.extension.OkBuckExtension	SOURCE
com.uber.okbuck.core.task.OkBuckTask	okbuck()	okBuckExtension	com.uber.okbuck.core.task.OkBuckTask	SOURCE
com.uber.okbuck.core.task.OkBuckTask	okbuck()	buckProjects	com.uber.okbuck.extension.OkBuckExtension	SOURCE
com.uber.okbuck.core.task.OkBuckTask	okbuck()	okBuckExtension	com.uber.okbuck.core.task.OkBuckTask	SOURCE
com.uber.okbuck.core.task.OkBuckTask	okbuck()	version	com.uber.okbuck.extension.ScalaExtension	SOURCE
com.uber.okbuck.core.task.OkBuckTask	okbuck()	scalaExtension	com.uber.okbuck.core.task.OkBuckTask	SOURCE
com.uber.okbuck.core.task.OkBuckTask	okbuck()	version	com.uber.okbuck.extension.KotlinExtension	SOURCE
com.uber.okbuck.core.task.OkBuckTask	okbuck()	kotlinExtension	com.uber.okbuck.core.task.OkBuckTask	SOURCE
com.uber.okbuck.core.task.OkBuckTask	okbuck()	version	com.uber.okbuck.extension.KotlinExtension	SOURCE
com.uber.okbuck.core.task.OkBuckTask	okbuck()	kotlinExtension	com.uber.okbuck.core.task.OkBuckTask	SOURCE
com.uber.okbuck.core.task.OkBuckTask	okbuck()	externalDependencyCache	com.uber.okbuck.extension.OkBuckExtension	SOURCE
com.uber.okbuck.core.task.OkBuckTask	okbuck()	okBuckExtension	com.uber.okbuck.core.task.OkBuckTask	SOURCE
com.uber.okbuck.core.task.OkBuckTask	okbuck()	SCALA_LIBRARY_PATH	com.uber.okbuck.core.manager.ScalaManager	SOURCE
com.uber.okbuck.core.task.OkBuckTask	okbuck()	okBuckExtension	com.uber.okbuck.core.task.OkBuckTask	SOURCE
com.uber.okbuck.core.task.OkBuckTask	okbuck()	GROOVY_HOME_LOCATION	com.uber.okbuck.core.manager.GroovyManager	SOURCE
com.uber.okbuck.core.task.OkBuckTask	okbuck()	version	com.uber.okbuck.extension.KotlinExtension	SOURCE
com.uber.okbuck.core.task.OkBuckTask	okbuck()	kotlinExtension	com.uber.okbuck.core.task.OkBuckTask	SOURCE
com.uber.okbuck.core.task.OkBuckTask	okbuck()	KOTLIN_HOME_LOCATION	com.uber.okbuck.core.manager.KotlinManager	SOURCE
com.uber.okbuck.core.task.OkBuckTask	okbuck()	SCALA_COMPILER_LOCATION	com.uber.okbuck.core.manager.ScalaManager	SOURCE
com.uber.okbuck.core.task.OkBuckTask	getGroup()	GROUP	com.uber.okbuck.OkBuckGradlePlugin	SOURCE
com.uber.okbuck.core.task.OkBuckTask	okbuckDefs()	OKBUCK_DEFS	com.uber.okbuck.OkBuckGradlePlugin	SOURCE
com.uber.okbuck.core.task.OkBuckTask	okbuckBuckConfig()	OKBUCK_CONFIG	com.uber.okbuck.OkBuckGradlePlugin	SOURCE
com.uber.okbuck.core.task.OkBuckTask	generate(com.uber.okbuck.extension.OkBuckExtension,java.lang.String,java.lang.String,java.lang.String,java.lang.String)	excludeResources	com.uber.okbuck.extension.OkBuckExtension	SOURCE
com.uber.okbuck.core.task.OkBuckTask	generate(com.uber.okbuck.extension.OkBuckExtension,java.lang.String,java.lang.String,java.lang.String,java.lang.String)	okBuckExtension	com.uber.okbuck.core.task.OkBuckTask	SOURCE
com.uber.okbuck.core.task.OkBuckTask	generate(com.uber.okbuck.extension.OkBuckExtension,java.lang.String,java.lang.String,java.lang.String,java.lang.String)	CLASSPATH_ABI_MACRO	com.uber.okbuck.core.task.OkBuckTask	SOURCE
com.uber.okbuck.core.task.OkBuckTask	generate(com.uber.okbuck.extension.OkBuckExtension,java.lang.String,java.lang.String,java.lang.String,java.lang.String)	extraDefs	com.uber.okbuck.extension.OkBuckExtension	SOURCE
com.uber.okbuck.core.task.OkBuckTask	generate(com.uber.okbuck.extension.OkBuckExtension,java.lang.String,java.lang.String,java.lang.String,java.lang.String)	OKBUCK_DEFS	com.uber.okbuck.OkBuckGradlePlugin	SOURCE
com.uber.okbuck.core.model.base.Scope	getJavaResources()	javaResources	com.uber.okbuck.core.model.base.Scope	SOURCE
com.uber.okbuck.core.model.base.Scope	getSources()	sources	com.uber.okbuck.core.model.base.Scope	SOURCE
com.uber.okbuck.core.model.base.Scope	getTargetDeps()	targetDeps	com.uber.okbuck.core.model.base.Scope	SOURCE
com.uber.okbuck.core.model.base.Scope	getCompilerOptions()	compilerOptions	com.uber.okbuck.core.model.base.Scope	SOURCE
com.uber.okbuck.core.model.base.Scope	getExternal()	external	com.uber.okbuck.core.model.base.Scope	SOURCE
com.uber.okbuck.core.model.base.Scope	Scope(org.gradle.api.Project,org.gradle.api.artifacts.Configuration,java.util.Set,java.util.Set,java.util.Map,com.uber.okbuck.core.dependency.DependencyCache)	project	com.uber.okbuck.core.model.base.Scope	SOURCE
com.uber.okbuck.core.model.base.Scope	Scope(org.gradle.api.Project,org.gradle.api.artifacts.Configuration,java.util.Set,java.util.Set,java.util.Map,com.uber.okbuck.core.dependency.DependencyCache)	this	com.uber.okbuck.core.model.base.Scope	SOURCE
com.uber.okbuck.core.model.base.Scope	Scope(org.gradle.api.Project,org.gradle.api.artifacts.Configuration,java.util.Set,java.util.Set,java.util.Map,com.uber.okbuck.core.dependency.DependencyCache)	sources	com.uber.okbuck.core.model.base.Scope	SOURCE
com.uber.okbuck.core.model.base.Scope	Scope(org.gradle.api.Project,org.gradle.api.artifacts.Configuration,java.util.Set,java.util.Set,java.util.Map,com.uber.okbuck.core.dependency.DependencyCache)	this	com.uber.okbuck.core.model.base.Scope	SOURCE
com.uber.okbuck.core.model.base.Scope	Scope(org.gradle.api.Project,org.gradle.api.artifacts.Configuration,java.util.Set,java.util.Set,java.util.Map,com.uber.okbuck.core.dependency.DependencyCache)	javaResources	com.uber.okbuck.core.model.base.Scope	SOURCE
com.uber.okbuck.core.model.base.Scope	Scope(org.gradle.api.Project,org.gradle.api.artifacts.Configuration,java.util.Set,java.util.Set,java.util.Map,com.uber.okbuck.core.dependency.DependencyCache)	this	com.uber.okbuck.core.model.base.Scope	SOURCE
com.uber.okbuck.core.model.base.Scope	Scope(org.gradle.api.Project,org.gradle.api.artifacts.Configuration,java.util.Set,java.util.Set,java.util.Map,com.uber.okbuck.core.dependency.DependencyCache)	compilerOptions	com.uber.okbuck.core.model.base.Scope	SOURCE
com.uber.okbuck.core.model.base.Scope	Scope(org.gradle.api.Project,org.gradle.api.artifacts.Configuration,java.util.Set,java.util.Set,java.util.Map,com.uber.okbuck.core.dependency.DependencyCache)	this	com.uber.okbuck.core.model.base.Scope	SOURCE
com.uber.okbuck.core.model.base.Scope	Scope(org.gradle.api.Project,org.gradle.api.artifacts.Configuration,java.util.Set,java.util.Set,java.util.Map,com.uber.okbuck.core.dependency.DependencyCache)	depCache	com.uber.okbuck.core.model.base.Scope	SOURCE
com.uber.okbuck.core.model.base.Scope	Scope(org.gradle.api.Project,org.gradle.api.artifacts.Configuration,java.util.Set,java.util.Set,java.util.Map,com.uber.okbuck.core.dependency.DependencyCache)	this	com.uber.okbuck.core.model.base.Scope	SOURCE
com.uber.okbuck.core.model.base.Scope	Scope(org.gradle.api.Project,org.gradle.api.artifacts.Configuration,java.util.Set,java.util.Set,java.util.Map,com.uber.okbuck.core.dependency.DependencyCache)	configuration	com.uber.okbuck.core.model.base.Scope	SOURCE
com.uber.okbuck.core.model.base.Scope	Scope(org.gradle.api.Project,org.gradle.api.artifacts.Configuration,java.util.Set,java.util.Set,java.util.Map,com.uber.okbuck.core.dependency.DependencyCache)	this	com.uber.okbuck.core.model.base.Scope	SOURCE
com.uber.okbuck.core.model.base.Scope	getExternalDeps()	external	com.uber.okbuck.core.model.base.Scope	SOURCE
com.uber.okbuck.core.model.base.Scope	getExternalDeps()	depCache	com.uber.okbuck.core.model.base.Scope	SOURCE
com.uber.okbuck.core.model.base.Scope	getExternalDeps()	depCache	com.uber.okbuck.core.model.base.Scope	SOURCE
com.uber.okbuck.core.model.base.Scope	getExternalJarDeps()	external	com.uber.okbuck.core.model.base.Scope	SOURCE
com.uber.okbuck.core.model.base.Scope	getExternalJarDeps()	depCache	com.uber.okbuck.core.model.base.Scope	SOURCE
com.uber.okbuck.core.model.base.Scope	getExternalJarDeps()	JAR	com.uber.okbuck.core.dependency.ExternalDependency	SOURCE
com.uber.okbuck.core.model.base.Scope	getExternalJarDeps()	depCache	com.uber.okbuck.core.model.base.Scope	SOURCE
com.uber.okbuck.core.model.base.Scope	getExternalAarDeps()	external	com.uber.okbuck.core.model.base.Scope	SOURCE
com.uber.okbuck.core.model.base.Scope	getExternalAarDeps()	depCache	com.uber.okbuck.core.model.base.Scope	SOURCE
com.uber.okbuck.core.model.base.Scope	getExternalAarDeps()	AAR	com.uber.okbuck.core.dependency.ExternalDependency	SOURCE
com.uber.okbuck.core.model.base.Scope	getExternalAarDeps()	depCache	com.uber.okbuck.core.model.base.Scope	SOURCE
com.uber.okbuck.core.model.base.Scope	getPackagedLintJars()	external	com.uber.okbuck.core.model.base.Scope	SOURCE
com.uber.okbuck.core.model.base.Scope	getPackagedLintJars()	depCache	com.uber.okbuck.core.model.base.Scope	SOURCE
com.uber.okbuck.core.model.base.Scope	getAnnotationProcessors()	configuration	com.uber.okbuck.core.model.base.Scope	SOURCE
com.uber.okbuck.core.model.base.Scope	getAnnotationProcessors()	annotationProcessors	com.uber.okbuck.core.model.base.Scope	SOURCE
com.uber.okbuck.core.model.base.Scope	getAnnotationProcessors()	configuration	com.uber.okbuck.core.model.base.Scope	SOURCE
com.uber.okbuck.core.model.base.Scope	getAnnotationProcessors()	EMPTY_GROUP	com.uber.okbuck.core.model.base.Scope	SOURCE
com.uber.okbuck.core.model.base.Scope	getAnnotationProcessors()	annotationProcessors	com.uber.okbuck.core.model.base.Scope	SOURCE
com.uber.okbuck.core.model.base.Scope	getAnnotationProcessors()	external	com.uber.okbuck.core.model.base.Scope	SOURCE
com.uber.okbuck.core.model.base.Scope	getAnnotationProcessors()	depCache	com.uber.okbuck.core.model.base.Scope	SOURCE
com.uber.okbuck.core.model.base.Scope	getAnnotationProcessors()	targetDeps	com.uber.okbuck.core.model.base.Scope	SOURCE
com.uber.okbuck.core.model.base.Scope	getAnnotationProcessors()	annotationProcessors	com.uber.okbuck.extension.OkBuckExtension	SOURCE
com.uber.okbuck.core.model.base.Scope	getAnnotationProcessors()	annotationProcessors	com.uber.okbuck.core.model.base.Scope	SOURCE
com.uber.okbuck.core.model.base.Scope	hasAutoValueExtensions()	external	com.uber.okbuck.core.model.base.Scope	SOURCE
com.uber.okbuck.core.model.base.Scope	hasAutoValueExtensions()	depCache	com.uber.okbuck.core.model.base.Scope	SOURCE
com.uber.okbuck.core.model.base.Scope	getAnnotationProcessorsUID()	configuration	com.uber.okbuck.core.model.base.Scope	SOURCE
com.uber.okbuck.core.model.base.Scope	getAnnotationProcessorsUID()	configuration	com.uber.okbuck.core.model.base.Scope	SOURCE
com.uber.okbuck.core.model.base.Scope	getAnnotationProcessorsUID()	AUTO_VALUE_GROUP	com.uber.okbuck.core.annotation.AnnotationProcessorCache	SOURCE
com.uber.okbuck.core.model.base.Scope	getAnnotationProcessorsUID()	AUTO_VALUE_NAME	com.uber.okbuck.core.annotation.AnnotationProcessorCache	SOURCE
com.uber.okbuck.core.model.base.Scope	getArtifacts(org.gradle.api.artifacts.Configuration,java.lang.String,org.gradle.api.specs.Spec)	class	java.lang.String	SOURCE
com.uber.okbuck.core.model.base.Scope	extractConfiguration(org.gradle.api.artifacts.Configuration)	PROJECT_FILTER	com.uber.okbuck.core.model.base.Scope	SOURCE
com.uber.okbuck.core.model.base.Scope	extractConfiguration(org.gradle.api.artifacts.Configuration)	ATTRIBUTE	com.android.build.api.attributes.VariantAttr	SOURCE
com.uber.okbuck.core.model.base.Scope	extractConfiguration(org.gradle.api.artifacts.Configuration)	targetDeps	com.uber.okbuck.core.model.base.Scope	SOURCE
com.uber.okbuck.core.model.base.Scope	extractConfiguration(org.gradle.api.artifacts.Configuration)	project	com.uber.okbuck.core.model.base.Scope	SOURCE
com.uber.okbuck.core.model.base.Scope	extractConfiguration(org.gradle.api.artifacts.Configuration)	EXTERNAL_DEP_FILTER	com.uber.okbuck.core.model.base.Scope	SOURCE
com.uber.okbuck.core.model.base.Scope	extractConfiguration(org.gradle.api.artifacts.Configuration)	project	com.uber.okbuck.core.model.base.Scope	SOURCE
com.uber.okbuck.core.model.base.Scope	extractConfiguration(org.gradle.api.artifacts.Configuration)	external	com.uber.okbuck.core.model.base.Scope	SOURCE
com.uber.okbuck.core.model.base.Scope	extractConfiguration(org.gradle.api.artifacts.Configuration)	project	com.uber.okbuck.core.model.base.Scope	SOURCE
com.uber.okbuck.core.model.base.Scope	extractConfiguration(org.gradle.api.artifacts.Configuration)	project	com.uber.okbuck.core.model.base.Scope	SOURCE
com.uber.okbuck.core.model.base.Scope	extractConfiguration(org.gradle.api.artifacts.Configuration)	external	com.uber.okbuck.core.model.base.Scope	SOURCE
com.uber.okbuck.core.model.base.Scope	extractConfiguration(org.gradle.api.artifacts.Configuration)	project	com.uber.okbuck.core.model.base.Scope	SOURCE
com.uber.okbuck.core.model.base.Scope	extractConfiguration(org.gradle.api.artifacts.Configuration)	sources	com.uber.okbuck.extension.IntellijExtension	SOURCE
com.uber.okbuck.core.model.base.Scope	extractConfiguration(org.gradle.api.artifacts.Configuration)	project	com.uber.okbuck.core.model.base.Scope	SOURCE
com.uber.okbuck.core.model.base.Scope	extractConfiguration(org.gradle.api.artifacts.Configuration)	project	com.uber.okbuck.core.model.base.Scope	SOURCE
com.uber.okbuck.core.model.base.Scope	equals(java.lang.Object)	this	com.uber.okbuck.core.model.base.Scope	SOURCE
com.uber.okbuck.core.model.base.Scope	equals(java.lang.Object)	javaResources	com.uber.okbuck.core.model.base.Scope	SOURCE
com.uber.okbuck.core.model.base.Scope	equals(java.lang.Object)	javaResources	com.uber.okbuck.core.model.base.Scope	SOURCE
com.uber.okbuck.core.model.base.Scope	equals(java.lang.Object)	sources	com.uber.okbuck.core.model.base.Scope	SOURCE
com.uber.okbuck.core.model.base.Scope	equals(java.lang.Object)	sources	com.uber.okbuck.core.model.base.Scope	SOURCE
com.uber.okbuck.core.model.base.Scope	equals(java.lang.Object)	configuration	com.uber.okbuck.core.model.base.Scope	SOURCE
com.uber.okbuck.core.model.base.Scope	equals(java.lang.Object)	configuration	com.uber.okbuck.core.model.base.Scope	SOURCE
com.uber.okbuck.core.model.base.Scope	equals(java.lang.Object)	compilerOptions	com.uber.okbuck.core.model.base.Scope	SOURCE
com.uber.okbuck.core.model.base.Scope	equals(java.lang.Object)	compilerOptions	com.uber.okbuck.core.model.base.Scope	SOURCE
com.uber.okbuck.core.model.base.Scope	equals(java.lang.Object)	project	com.uber.okbuck.core.model.base.Scope	SOURCE
com.uber.okbuck.core.model.base.Scope	equals(java.lang.Object)	project	com.uber.okbuck.core.model.base.Scope	SOURCE
com.uber.okbuck.core.model.base.Scope	hashCode()	javaResources	com.uber.okbuck.core.model.base.Scope	SOURCE
com.uber.okbuck.core.model.base.Scope	hashCode()	sources	com.uber.okbuck.core.model.base.Scope	SOURCE
com.uber.okbuck.core.model.base.Scope	hashCode()	configuration	com.uber.okbuck.core.model.base.Scope	SOURCE
com.uber.okbuck.core.model.base.Scope	hashCode()	compilerOptions	com.uber.okbuck.core.model.base.Scope	SOURCE
com.uber.okbuck.core.model.base.Scope	hashCode()	project	com.uber.okbuck.core.model.base.Scope	SOURCE
com.uber.okbuck.core.model.base.Scope$Builder	Builder(org.gradle.api.Project)	project	com.uber.okbuck.core.model.base.Scope$Builder	SOURCE
com.uber.okbuck.core.model.base.Scope$Builder	Builder(org.gradle.api.Project)	this	com.uber.okbuck.core.model.base.Scope$Builder	SOURCE
com.uber.okbuck.core.model.base.Scope$Builder	Builder(org.gradle.api.Project)	depCache	com.uber.okbuck.core.model.base.Scope$Builder	SOURCE
com.uber.okbuck.core.model.base.Scope$Builder	javaResourceDirs(java.util.Set)	javaResourceDirs	com.uber.okbuck.core.model.base.Scope$Builder	SOURCE
com.uber.okbuck.core.model.base.Scope$Builder	javaResourceDirs(java.util.Set)	this	com.uber.okbuck.core.model.base.Scope$Builder	SOURCE
com.uber.okbuck.core.model.base.Scope$Builder	javaResourceDirs(java.util.Set)	this	com.uber.okbuck.core.model.base.Scope$Builder	SOURCE
com.uber.okbuck.core.model.base.Scope$Builder	sourceDirs(java.util.Set)	sourceDirs	com.uber.okbuck.core.model.base.Scope$Builder	SOURCE
com.uber.okbuck.core.model.base.Scope$Builder	sourceDirs(java.util.Set)	this	com.uber.okbuck.core.model.base.Scope$Builder	SOURCE
com.uber.okbuck.core.model.base.Scope$Builder	sourceDirs(java.util.Set)	this	com.uber.okbuck.core.model.base.Scope$Builder	SOURCE
com.uber.okbuck.core.model.base.Scope$Builder	configuration(org.gradle.api.artifacts.Configuration)	configuration	com.uber.okbuck.core.model.base.Scope$Builder	SOURCE
com.uber.okbuck.core.model.base.Scope$Builder	configuration(org.gradle.api.artifacts.Configuration)	this	com.uber.okbuck.core.model.base.Scope$Builder	SOURCE
com.uber.okbuck.core.model.base.Scope$Builder	configuration(org.gradle.api.artifacts.Configuration)	this	com.uber.okbuck.core.model.base.Scope$Builder	SOURCE
com.uber.okbuck.core.model.base.Scope$Builder	configuration(java.lang.String)	configuration	com.uber.okbuck.core.model.base.Scope$Builder	SOURCE
com.uber.okbuck.core.model.base.Scope$Builder	configuration(java.lang.String)	this	com.uber.okbuck.core.model.base.Scope$Builder	SOURCE
com.uber.okbuck.core.model.base.Scope$Builder	configuration(java.lang.String)	project	com.uber.okbuck.core.model.base.Scope$Builder	SOURCE
com.uber.okbuck.core.model.base.Scope$Builder	configuration(java.lang.String)	this	com.uber.okbuck.core.model.base.Scope$Builder	SOURCE
com.uber.okbuck.core.model.base.Scope$Builder	depCache(com.uber.okbuck.core.dependency.DependencyCache)	depCache	com.uber.okbuck.core.model.base.Scope$Builder	SOURCE
com.uber.okbuck.core.model.base.Scope$Builder	depCache(com.uber.okbuck.core.dependency.DependencyCache)	this	com.uber.okbuck.core.model.base.Scope$Builder	SOURCE
com.uber.okbuck.core.model.base.Scope$Builder	depCache(com.uber.okbuck.core.dependency.DependencyCache)	this	com.uber.okbuck.core.model.base.Scope$Builder	SOURCE
com.uber.okbuck.core.model.base.Scope$Builder	compilerOptions(com.uber.okbuck.core.model.base.Scope.Builder.COMPILER,java.util.List)	compilerOptions	com.uber.okbuck.core.model.base.Scope$Builder	SOURCE
com.uber.okbuck.core.model.base.Scope$Builder	compilerOptions(com.uber.okbuck.core.model.base.Scope.Builder.COMPILER,java.util.List)	this	com.uber.okbuck.core.model.base.Scope$Builder	SOURCE
com.uber.okbuck.core.model.base.Scope$Builder	build()	configuration	com.uber.okbuck.core.model.base.Scope$Builder	SOURCE
com.uber.okbuck.core.model.base.Scope$Builder	build()	project	com.uber.okbuck.core.model.base.Scope$Builder	SOURCE
com.uber.okbuck.core.model.base.Scope$Builder	build()	project	com.uber.okbuck.core.model.base.Scope$Builder	SOURCE
com.uber.okbuck.core.model.base.Scope$Builder	build()	project	com.uber.okbuck.core.model.base.Scope$Builder	SOURCE
com.uber.okbuck.core.model.base.Scope$Builder	build()	sourceDirs	com.uber.okbuck.core.model.base.Scope$Builder	SOURCE
com.uber.okbuck.core.model.base.Scope$Builder	build()	javaResourceDirs	com.uber.okbuck.core.model.base.Scope$Builder	SOURCE
com.uber.okbuck.core.model.base.Scope$Builder	build()	compilerOptions	com.uber.okbuck.core.model.base.Scope$Builder	SOURCE
com.uber.okbuck.core.model.base.Scope$Builder	build()	depCache	com.uber.okbuck.core.model.base.Scope$Builder	SOURCE
com.uber.okbuck.core.dependency.DependencyCache	class	class	com.uber.okbuck.core.dependency.DependencyCache	SOURCE
com.uber.okbuck.core.dependency.DependencyCache	DependencyCache(org.gradle.api.Project,com.uber.okbuck.core.manager.DependencyManager,java.lang.String)	rootProject	com.uber.okbuck.core.dependency.DependencyCache	SOURCE
com.uber.okbuck.core.dependency.DependencyCache	DependencyCache(org.gradle.api.Project,com.uber.okbuck.core.manager.DependencyManager,java.lang.String)	this	com.uber.okbuck.core.dependency.DependencyCache	SOURCE
com.uber.okbuck.core.dependency.DependencyCache	DependencyCache(org.gradle.api.Project,com.uber.okbuck.core.manager.DependencyManager,java.lang.String)	dependencyManager	com.uber.okbuck.core.dependency.DependencyCache	SOURCE
com.uber.okbuck.core.dependency.DependencyCache	DependencyCache(org.gradle.api.Project,com.uber.okbuck.core.manager.DependencyManager,java.lang.String)	this	com.uber.okbuck.core.dependency.DependencyCache	SOURCE
com.uber.okbuck.core.dependency.DependencyCache	DependencyCache(org.gradle.api.Project,com.uber.okbuck.core.manager.DependencyManager,java.lang.String)	fetchSources	com.uber.okbuck.core.dependency.DependencyCache	SOURCE
com.uber.okbuck.core.dependency.DependencyCache	DependencyCache(org.gradle.api.Project,com.uber.okbuck.core.manager.DependencyManager,java.lang.String)	this	com.uber.okbuck.core.dependency.DependencyCache	SOURCE
com.uber.okbuck.core.dependency.DependencyCache	DependencyCache(org.gradle.api.Project,com.uber.okbuck.core.manager.DependencyManager,java.lang.String)	sources	com.uber.okbuck.extension.IntellijExtension	SOURCE
com.uber.okbuck.core.dependency.DependencyCache	DependencyCache(org.gradle.api.Project,com.uber.okbuck.core.manager.DependencyManager,java.lang.String)	forcedDeps	com.uber.okbuck.core.dependency.DependencyCache	SOURCE
com.uber.okbuck.core.dependency.DependencyCache	get(com.uber.okbuck.core.dependency.ExternalDependency,boolean)	LOG	com.uber.okbuck.core.dependency.DependencyCache	SOURCE
com.uber.okbuck.core.dependency.DependencyCache	get(com.uber.okbuck.core.dependency.ExternalDependency,boolean)	forcedDeps	com.uber.okbuck.core.dependency.DependencyCache	SOURCE
com.uber.okbuck.core.dependency.DependencyCache	get(com.uber.okbuck.core.dependency.ExternalDependency,boolean)	LOG	com.uber.okbuck.core.dependency.DependencyCache	SOURCE
com.uber.okbuck.core.dependency.DependencyCache	get(com.uber.okbuck.core.dependency.ExternalDependency,boolean)	dependencyManager	com.uber.okbuck.core.dependency.DependencyCache	SOURCE
com.uber.okbuck.core.dependency.DependencyCache	get(com.uber.okbuck.core.dependency.ExternalDependency,boolean)	fetchSources	com.uber.okbuck.core.dependency.DependencyCache	SOURCE
com.uber.okbuck.core.dependency.DependencyCache	get(com.uber.okbuck.core.dependency.ExternalDependency,boolean)	LOG	com.uber.okbuck.core.dependency.DependencyCache	SOURCE
com.uber.okbuck.core.dependency.DependencyCache	get(com.uber.okbuck.core.dependency.ExternalDependency,boolean)	rootProject	com.uber.okbuck.core.dependency.DependencyCache	SOURCE
com.uber.okbuck.core.dependency.DependencyCache	getPath(com.uber.okbuck.core.dependency.ExternalDependency)	dependencyManager	com.uber.okbuck.core.dependency.DependencyCache	SOURCE
com.uber.okbuck.core.dependency.DependencyCache	getAnnotationProcessors(com.uber.okbuck.core.dependency.ExternalDependency)	forcedDeps	com.uber.okbuck.core.dependency.DependencyCache	SOURCE
com.uber.okbuck.core.dependency.DependencyCache	hasAutoValueExtensions(com.uber.okbuck.core.dependency.ExternalDependency)	forcedDeps	com.uber.okbuck.core.dependency.DependencyCache	SOURCE
com.uber.okbuck.core.dependency.DependencyCache	getLintJar(com.uber.okbuck.core.dependency.ExternalDependency)	forcedDeps	com.uber.okbuck.core.dependency.DependencyCache	SOURCE
com.uber.okbuck.core.dependency.DependencyCache	getLintJar(com.uber.okbuck.core.dependency.ExternalDependency)	dependencyManager	com.uber.okbuck.core.dependency.DependencyCache	SOURCE
com.uber.okbuck.core.dependency.DependencyCache	build(java.util.Set)	rootProject	com.uber.okbuck.core.dependency.DependencyCache	SOURCE
com.uber.okbuck.core.dependency.DependencyCache	build(java.util.Set)	this	com.uber.okbuck.core.dependency.DependencyCache	SOURCE
com.uber.okbuck.core.model.base.TargetCache	getTargets(org.gradle.api.Project)	store	com.uber.okbuck.core.model.base.TargetCache	SOURCE
com.uber.okbuck.core.model.base.TargetCache	getTargets(org.gradle.api.Project)	class	com.android.build.gradle.AppExtension	SOURCE
com.uber.okbuck.core.model.base.TargetCache	getTargets(org.gradle.api.Project)	class	com.android.build.gradle.LibraryExtension	SOURCE
com.uber.okbuck.core.model.base.TargetCache	getTargets(org.gradle.api.Project)	artifactNameToTarget	com.uber.okbuck.core.model.base.TargetCache	SOURCE
com.uber.okbuck.core.model.base.TargetCache	getTargets(org.gradle.api.Project)	MAIN	com.uber.okbuck.core.model.jvm.JvmTarget	SOURCE
com.uber.okbuck.core.model.base.TargetCache	getTargets(org.gradle.api.Project)	MAIN	com.uber.okbuck.core.model.jvm.JvmTarget	SOURCE
com.uber.okbuck.core.model.base.TargetCache	getTargets(org.gradle.api.Project)	MAIN	com.uber.okbuck.core.model.jvm.JvmTarget	SOURCE
com.uber.okbuck.core.model.base.TargetCache	getTargets(org.gradle.api.Project)	MAIN	com.uber.okbuck.core.model.jvm.JvmTarget	SOURCE
com.uber.okbuck.core.model.base.TargetCache	getTargets(org.gradle.api.Project)	store	com.uber.okbuck.core.model.base.TargetCache	SOURCE
com.uber.okbuck.core.model.base.TargetCache	getTargetForVariant(org.gradle.api.Project,java.lang.String)	artifactNameToTarget	com.uber.okbuck.core.model.base.TargetCache	SOURCE
com.uber.okbuck.core.annotation.AnnotationProcessorCache	AnnotationProcessorCache(org.gradle.api.Project,java.lang.String)	project	com.uber.okbuck.core.annotation.AnnotationProcessorCache	SOURCE
com.uber.okbuck.core.annotation.AnnotationProcessorCache	AnnotationProcessorCache(org.gradle.api.Project,java.lang.String)	this	com.uber.okbuck.core.annotation.AnnotationProcessorCache	SOURCE
com.uber.okbuck.core.annotation.AnnotationProcessorCache	AnnotationProcessorCache(org.gradle.api.Project,java.lang.String)	processorBuckFile	com.uber.okbuck.core.annotation.AnnotationProcessorCache	SOURCE
com.uber.okbuck.core.annotation.AnnotationProcessorCache	AnnotationProcessorCache(org.gradle.api.Project,java.lang.String)	this	com.uber.okbuck.core.annotation.AnnotationProcessorCache	SOURCE
com.uber.okbuck.core.annotation.AnnotationProcessorCache	getAnnotationProcessorScopes(org.gradle.api.Project,org.gradle.api.artifacts.Configuration)	AUTO_VALUE_GROUP	com.uber.okbuck.core.annotation.AnnotationProcessorCache	SOURCE
com.uber.okbuck.core.annotation.AnnotationProcessorCache	getAnnotationProcessorScopes(org.gradle.api.Project,org.gradle.api.artifacts.Configuration)	AUTO_VALUE_NAME	com.uber.okbuck.core.annotation.AnnotationProcessorCache	SOURCE
com.uber.okbuck.core.annotation.AnnotationProcessorCache	finalizeProcessors()	dependencyToScopeMap	com.uber.okbuck.core.annotation.AnnotationProcessorCache	SOURCE
com.uber.okbuck.core.annotation.AnnotationProcessorCache	finalizeProcessors()	project	com.uber.okbuck.core.annotation.AnnotationProcessorCache	SOURCE
com.uber.okbuck.core.annotation.AnnotationProcessorCache	finalizeProcessors()	processorBuckFile	com.uber.okbuck.core.annotation.AnnotationProcessorCache	SOURCE
com.uber.okbuck.core.annotation.AnnotationProcessorCache	createProcessorScopes(org.gradle.api.Project,java.util.Set,boolean)	dependencyToScopeMap	com.uber.okbuck.core.annotation.AnnotationProcessorCache	SOURCE
com.uber.okbuck.core.annotation.AnnotationProcessorCache	createProcessorScopes(org.gradle.api.Project,java.util.Set,boolean)	dependencyToScopeMap	com.uber.okbuck.core.annotation.AnnotationProcessorCache	SOURCE
com.uber.okbuck.core.manager.DependencyManager	class	class	com.uber.okbuck.core.manager.DependencyManager	SOURCE
com.uber.okbuck.core.manager.DependencyManager	DependencyManager(org.gradle.api.Project,java.lang.String,com.uber.okbuck.extension.ExternalDependenciesExtension)	project	com.uber.okbuck.core.manager.DependencyManager	SOURCE
com.uber.okbuck.core.manager.DependencyManager	DependencyManager(org.gradle.api.Project,java.lang.String,com.uber.okbuck.extension.ExternalDependenciesExtension)	this	com.uber.okbuck.core.manager.DependencyManager	SOURCE
com.uber.okbuck.core.manager.DependencyManager	DependencyManager(org.gradle.api.Project,java.lang.String,com.uber.okbuck.extension.ExternalDependenciesExtension)	cacheDirName	com.uber.okbuck.core.manager.DependencyManager	SOURCE
com.uber.okbuck.core.manager.DependencyManager	DependencyManager(org.gradle.api.Project,java.lang.String,com.uber.okbuck.extension.ExternalDependenciesExtension)	this	com.uber.okbuck.core.manager.DependencyManager	SOURCE
com.uber.okbuck.core.manager.DependencyManager	DependencyManager(org.gradle.api.Project,java.lang.String,com.uber.okbuck.extension.ExternalDependenciesExtension)	extension	com.uber.okbuck.core.manager.DependencyManager	SOURCE
com.uber.okbuck.core.manager.DependencyManager	DependencyManager(org.gradle.api.Project,java.lang.String,com.uber.okbuck.extension.ExternalDependenciesExtension)	this	com.uber.okbuck.core.manager.DependencyManager	SOURCE
com.uber.okbuck.core.manager.DependencyManager	addDependency(com.uber.okbuck.core.dependency.ExternalDependency)	dependencyMap	com.uber.okbuck.core.manager.DependencyManager	SOURCE
com.uber.okbuck.core.manager.DependencyManager	getCacheDirName()	cacheDirName	com.uber.okbuck.core.manager.DependencyManager	SOURCE
com.uber.okbuck.core.manager.DependencyManager	getCacheDirName()	this	com.uber.okbuck.core.manager.DependencyManager	SOURCE
com.uber.okbuck.core.manager.DependencyManager	getCacheDir()	project	com.uber.okbuck.core.manager.DependencyManager	SOURCE
com.uber.okbuck.core.manager.DependencyManager	getCacheDir()	cacheDirName	com.uber.okbuck.core.manager.DependencyManager	SOURCE
com.uber.okbuck.core.manager.DependencyManager	validateDependencies()	dependencyMap	com.uber.okbuck.core.manager.DependencyManager	SOURCE
com.uber.okbuck.core.manager.DependencyManager	validateDependencies()	extension	com.uber.okbuck.core.manager.DependencyManager	SOURCE
com.uber.okbuck.core.manager.DependencyManager	validateDependencies()	dependencyMap	com.uber.okbuck.core.manager.DependencyManager	SOURCE
com.uber.okbuck.core.manager.DependencyManager	validateDependencies()	extension	com.uber.okbuck.core.manager.DependencyManager	SOURCE
com.uber.okbuck.core.manager.DependencyManager	validateDependencies()	dependencyMap	com.uber.okbuck.core.manager.DependencyManager	SOURCE
com.uber.okbuck.core.manager.DependencyManager	validateDependencies()	failOnChangingDependencies	com.uber.okbuck.extension.OkBuckExtension	SOURCE
com.uber.okbuck.core.manager.DependencyManager	validateDependencies()	project	com.uber.okbuck.core.manager.DependencyManager	SOURCE
com.uber.okbuck.core.manager.DependencyManager	validateDependencies()	LOG	com.uber.okbuck.core.manager.DependencyManager	SOURCE
com.uber.okbuck.core.manager.DependencyManager	processDependencies()	dependencyMap	com.uber.okbuck.core.manager.DependencyManager	SOURCE
com.uber.okbuck.core.manager.DependencyManager	copyOrCreateSymlinks(java.nio.file.Path,java.util.Collection)	project	com.uber.okbuck.core.manager.DependencyManager	SOURCE
com.uber.okbuck.core.manager.DependencyManager	composeBuckFile(java.nio.file.Path,java.util.Collection)	BUCK	com.uber.okbuck.OkBuckGradlePlugin	SOURCE
com.uber.okbuck.core.manager.LintManager	LINT_DEPS_CACHE	DEFAULT_CACHE_PATH	com.uber.okbuck.OkBuckGradlePlugin	SOURCE
com.uber.okbuck.core.manager.LintManager	LINT_DEPS_CACHE	LINT_DEPS_CACHE	com.uber.okbuck.core.manager.LintManager	SOURCE
com.uber.okbuck.core.manager.LintManager	LINT_DEPS_CONFIG	BUCK_LINT	com.uber.okbuck.OkBuckGradlePlugin	SOURCE
com.uber.okbuck.core.manager.LintManager	LINT_DEPS_CACHE	LINT_DEPS_CACHE	com.uber.okbuck.core.manager.LintManager	SOURCE
com.uber.okbuck.core.manager.LintManager	LintManager(org.gradle.api.Project,java.lang.String)	project	com.uber.okbuck.core.manager.LintManager	SOURCE
com.uber.okbuck.core.manager.LintManager	LintManager(org.gradle.api.Project,java.lang.String)	this	com.uber.okbuck.core.manager.LintManager	SOURCE
com.uber.okbuck.core.manager.LintManager	LintManager(org.gradle.api.Project,java.lang.String)	lintBuckFile	com.uber.okbuck.core.manager.LintManager	SOURCE
com.uber.okbuck.core.manager.LintManager	LintManager(org.gradle.api.Project,java.lang.String)	this	com.uber.okbuck.core.manager.LintManager	SOURCE
com.uber.okbuck.core.manager.LintManager	getDefaultLintVersion(org.gradle.api.Project)	LINT_GROUP	com.uber.okbuck.core.manager.LintManager	SOURCE
com.uber.okbuck.core.manager.LintManager	getDefaultLintVersion(org.gradle.api.Project)	LINT_MODULE	com.uber.okbuck.core.manager.LintManager	SOURCE
com.uber.okbuck.core.manager.LintManager	fetchLintDeps(java.lang.String)	project	com.uber.okbuck.core.manager.LintManager	SOURCE
com.uber.okbuck.core.manager.LintManager	fetchLintDeps(java.lang.String)	LINT_VERSION_FILE	com.uber.okbuck.core.manager.LintManager	SOURCE
com.uber.okbuck.core.manager.LintManager	fetchLintDeps(java.lang.String)	UTF_8	java.nio.charset.StandardCharsets	SOURCE
com.uber.okbuck.core.manager.LintManager	fetchLintDeps(java.lang.String)	project	com.uber.okbuck.core.manager.LintManager	SOURCE
com.uber.okbuck.core.manager.LintManager	fetchLintDeps(java.lang.String)	LINT_DEPS_CONFIG	com.uber.okbuck.core.manager.LintManager	SOURCE
com.uber.okbuck.core.manager.LintManager	fetchLintDeps(java.lang.String)	project	com.uber.okbuck.core.manager.LintManager	SOURCE
com.uber.okbuck.core.manager.LintManager	fetchLintDeps(java.lang.String)	LINT_DEPS_CONFIG	com.uber.okbuck.core.manager.LintManager	SOURCE
com.uber.okbuck.core.manager.LintManager	fetchLintDeps(java.lang.String)	LINT_GROUP	com.uber.okbuck.core.manager.LintManager	SOURCE
com.uber.okbuck.core.manager.LintManager	fetchLintDeps(java.lang.String)	LINT_MODULE	com.uber.okbuck.core.manager.LintManager	SOURCE
com.uber.okbuck.core.manager.LintManager	getLintDepsCache()	project	com.uber.okbuck.core.manager.LintManager	SOURCE
com.uber.okbuck.core.manager.LintManager	getLintDepsCache()	lintDepCache	com.uber.okbuck.OkBuckGradlePlugin	SOURCE
com.uber.okbuck.core.manager.LintManager	getLintDepsCache()	lintDepCache	com.uber.okbuck.OkBuckGradlePlugin	SOURCE
com.uber.okbuck.core.manager.LintManager	getLintDepsCache()	project	com.uber.okbuck.core.manager.LintManager	SOURCE
com.uber.okbuck.core.manager.LintManager	getLintDepsCache()	project	com.uber.okbuck.core.manager.LintManager	SOURCE
com.uber.okbuck.core.manager.LintManager	getLintDepsCache()	dependencies	com.uber.okbuck.core.manager.LintManager	SOURCE
com.uber.okbuck.core.manager.LintManager	getLintDepsCache()	lintDepCache	com.uber.okbuck.OkBuckGradlePlugin	SOURCE
com.uber.okbuck.core.manager.LintManager	getLintDepsCache()	project	com.uber.okbuck.core.manager.LintManager	SOURCE
com.uber.okbuck.core.manager.LintManager	getLintDepsCache()	LINT_DEPS_CONFIG	com.uber.okbuck.core.manager.LintManager	SOURCE
com.uber.okbuck.core.manager.LintManager	getLintDepsCache()	lintDepCache	com.uber.okbuck.OkBuckGradlePlugin	SOURCE
com.uber.okbuck.core.manager.LintManager	lintConfig(java.io.File)	project	com.uber.okbuck.core.manager.LintManager	SOURCE
com.uber.okbuck.core.manager.LintManager	lintConfig(java.io.File)	lintConfig	com.uber.okbuck.core.manager.LintManager	SOURCE
com.uber.okbuck.core.manager.LintManager	lintConfig(java.io.File)	project	com.uber.okbuck.core.manager.LintManager	SOURCE
com.uber.okbuck.core.manager.LintManager	lintConfig(java.io.File)	LINT_DEPS_CACHE	com.uber.okbuck.core.manager.LintManager	SOURCE
com.uber.okbuck.core.manager.LintManager	lintConfig(java.io.File)	LINT_DEPS_CACHE	com.uber.okbuck.core.manager.LintManager	SOURCE
com.uber.okbuck.core.manager.LintManager	finalizeDependencies()	dependencies	com.uber.okbuck.core.manager.LintManager	SOURCE
com.uber.okbuck.core.manager.LintManager	finalizeDependencies()	dependencies	com.uber.okbuck.core.manager.LintManager	SOURCE
com.uber.okbuck.core.manager.LintManager	finalizeDependencies()	lintConfig	com.uber.okbuck.core.manager.LintManager	SOURCE
com.uber.okbuck.core.manager.LintManager	finalizeDependencies()	project	com.uber.okbuck.core.manager.LintManager	SOURCE
com.uber.okbuck.core.manager.LintManager	finalizeDependencies()	lintBuckFile	com.uber.okbuck.core.manager.LintManager	SOURCE
com.uber.okbuck.core.manager.KotlinManager	KOTLIN_HOME_LOCATION	DEFAULT_CACHE_PATH	com.uber.okbuck.OkBuckGradlePlugin	SOURCE
com.uber.okbuck.core.manager.KotlinManager	KOTLIN_HOME_LOCATION	KOTLIN_HOME_LOCATION	com.uber.okbuck.core.manager.KotlinManager	SOURCE
com.uber.okbuck.core.manager.KotlinManager	KotlinManager(org.gradle.api.Project)	project	com.uber.okbuck.core.manager.KotlinManager	SOURCE
com.uber.okbuck.core.manager.KotlinManager	KotlinManager(org.gradle.api.Project)	this	com.uber.okbuck.core.manager.KotlinManager	SOURCE
com.uber.okbuck.core.manager.KotlinManager	getDefaultKotlinVersion(org.gradle.api.Project)	KOTLIN_GROUP	com.uber.okbuck.core.manager.KotlinManager	SOURCE
com.uber.okbuck.core.manager.KotlinManager	getDefaultKotlinVersion(org.gradle.api.Project)	KOTLIN_GRADLE_MODULE	com.uber.okbuck.core.manager.KotlinManager	SOURCE
com.uber.okbuck.core.manager.KotlinManager	setupKotlinHome(java.lang.String)	kotlinVersion	com.uber.okbuck.core.manager.KotlinManager	SOURCE
com.uber.okbuck.core.manager.KotlinManager	setupKotlinHome(java.lang.String)	this	com.uber.okbuck.core.manager.KotlinManager	SOURCE
com.uber.okbuck.core.manager.KotlinManager	setupKotlinHome(java.lang.String)	project	com.uber.okbuck.core.manager.KotlinManager	SOURCE
com.uber.okbuck.core.manager.KotlinManager	setupKotlinHome(java.lang.String)	KOTLIN_DEPS_CONFIG	com.uber.okbuck.core.manager.KotlinManager	SOURCE
com.uber.okbuck.core.manager.KotlinManager	setupKotlinHome(java.lang.String)	project	com.uber.okbuck.core.manager.KotlinManager	SOURCE
com.uber.okbuck.core.manager.KotlinManager	setupKotlinHome(java.lang.String)	KOTLIN_DEPS_CONFIG	com.uber.okbuck.core.manager.KotlinManager	SOURCE
com.uber.okbuck.core.manager.KotlinManager	setupKotlinHome(java.lang.String)	KOTLIN_GROUP	com.uber.okbuck.core.manager.KotlinManager	SOURCE
com.uber.okbuck.core.manager.KotlinManager	setupKotlinHome(java.lang.String)	KOTLIN_COMPILER_MODULE	com.uber.okbuck.core.manager.KotlinManager	SOURCE
com.uber.okbuck.core.manager.KotlinManager	setupKotlinHome(java.lang.String)	KOTLIN_DEPS_CONFIG	com.uber.okbuck.core.manager.KotlinManager	SOURCE
com.uber.okbuck.core.manager.KotlinManager	setupKotlinHome(java.lang.String)	KOTLIN_GROUP	com.uber.okbuck.core.manager.KotlinManager	SOURCE
com.uber.okbuck.core.manager.KotlinManager	setupKotlinHome(java.lang.String)	KOTLIN_STDLIB_MODULE	com.uber.okbuck.core.manager.KotlinManager	SOURCE
com.uber.okbuck.core.manager.KotlinManager	setupKotlinHome(java.lang.String)	KOTLIN_DEPS_CONFIG	com.uber.okbuck.core.manager.KotlinManager	SOURCE
com.uber.okbuck.core.manager.KotlinManager	setupKotlinHome(java.lang.String)	KOTLIN_GROUP	com.uber.okbuck.core.manager.KotlinManager	SOURCE
com.uber.okbuck.core.manager.KotlinManager	setupKotlinHome(java.lang.String)	KOTLIN_ANDROID_EXTENSIONS_MODULE	com.uber.okbuck.core.manager.KotlinManager	SOURCE
com.uber.okbuck.core.manager.KotlinManager	setupKotlinHome(java.lang.String)	KOTLIN_DEPS_CONFIG	com.uber.okbuck.core.manager.KotlinManager	SOURCE
com.uber.okbuck.core.manager.KotlinManager	setupKotlinHome(java.lang.String)	KOTLIN_GROUP	com.uber.okbuck.core.manager.KotlinManager	SOURCE
com.uber.okbuck.core.manager.KotlinManager	setupKotlinHome(java.lang.String)	KOTLIN_ALLOPEN_MODULE	com.uber.okbuck.core.manager.KotlinManager	SOURCE
com.uber.okbuck.core.manager.KotlinManager	setupKotlinHome(java.lang.String)	KOTLIN_DEPS_CONFIG	com.uber.okbuck.core.manager.KotlinManager	SOURCE
com.uber.okbuck.core.manager.KotlinManager	setupKotlinHome(java.lang.String)	KOTLIN_GROUP	com.uber.okbuck.core.manager.KotlinManager	SOURCE
com.uber.okbuck.core.manager.KotlinManager	setupKotlinHome(java.lang.String)	KOTLIN_REFLECT_MODULE	com.uber.okbuck.core.manager.KotlinManager	SOURCE
com.uber.okbuck.core.manager.KotlinManager	setupKotlinHome(java.lang.String)	KOTLIN_DEPS_CONFIG	com.uber.okbuck.core.manager.KotlinManager	SOURCE
com.uber.okbuck.core.manager.KotlinManager	setupKotlinHome(java.lang.String)	KOTLIN_GROUP	com.uber.okbuck.core.manager.KotlinManager	SOURCE
com.uber.okbuck.core.manager.KotlinManager	setupKotlinHome(java.lang.String)	KOTLIN_SCRIPT_RUNTIME_MODULE	com.uber.okbuck.core.manager.KotlinManager	SOURCE
com.uber.okbuck.core.manager.KotlinManager	setupKotlinHome(java.lang.String)	KOTLIN_DEPS_CONFIG	com.uber.okbuck.core.manager.KotlinManager	SOURCE
com.uber.okbuck.core.manager.KotlinManager	setupKotlinHome(java.lang.String)	KOTLIN_GROUP	com.uber.okbuck.core.manager.KotlinManager	SOURCE
com.uber.okbuck.core.manager.KotlinManager	setupKotlinHome(java.lang.String)	KOTLIN_ANNOTATION_PROCESSING_MODULE	com.uber.okbuck.core.manager.KotlinManager	SOURCE
com.uber.okbuck.core.manager.KotlinManager	setupKotlinHome(java.lang.String)	project	com.uber.okbuck.core.manager.KotlinManager	SOURCE
com.uber.okbuck.core.manager.KotlinManager	setupKotlinHome(java.lang.String)	project	com.uber.okbuck.core.manager.KotlinManager	SOURCE
com.uber.okbuck.core.manager.KotlinManager	finalizeDependencies()	kotlinVersion	com.uber.okbuck.core.manager.KotlinManager	SOURCE
com.uber.okbuck.core.manager.KotlinManager	finalizeDependencies()	project	com.uber.okbuck.core.manager.KotlinManager	SOURCE
com.uber.okbuck.core.manager.KotlinManager	finalizeDependencies()	KOTLIN_LIBRARIES_CACHE_LOCATION	com.uber.okbuck.core.manager.KotlinManager	SOURCE
com.uber.okbuck.core.manager.KotlinManager	finalizeDependencies()	project	com.uber.okbuck.core.manager.KotlinManager	SOURCE
com.uber.okbuck.core.manager.KotlinManager	finalizeDependencies()	KOTLIN_LIBRARIES_LOCATION	com.uber.okbuck.core.manager.KotlinManager	SOURCE
com.uber.okbuck.core.manager.KotlinManager	finalizeDependencies()	KOTLIN_ALLOPEN_MODULE	com.uber.okbuck.core.manager.KotlinManager	SOURCE
com.uber.okbuck.core.manager.KotlinManager	finalizeDependencies()	kotlinVersion	com.uber.okbuck.core.manager.KotlinManager	SOURCE
com.uber.okbuck.core.manager.KotlinManager	finalizeDependencies()	KOTLIN_ANDROID_EXTENSIONS_MODULE	com.uber.okbuck.core.manager.KotlinManager	SOURCE
com.uber.okbuck.core.manager.KotlinManager	finalizeDependencies()	kotlinVersion	com.uber.okbuck.core.manager.KotlinManager	SOURCE
com.uber.okbuck.core.manager.KotlinManager	finalizeDependencies()	KOTLIN_ANNOTATION_PROCESSING_MODULE	com.uber.okbuck.core.manager.KotlinManager	SOURCE
com.uber.okbuck.core.manager.KotlinManager	finalizeDependencies()	kotlinVersion	com.uber.okbuck.core.manager.KotlinManager	SOURCE
com.uber.okbuck.core.manager.KotlinManager	finalizeDependencies()	KOTLIN_COMPILER_MODULE	com.uber.okbuck.core.manager.KotlinManager	SOURCE
com.uber.okbuck.core.manager.KotlinManager	finalizeDependencies()	kotlinVersion	com.uber.okbuck.core.manager.KotlinManager	SOURCE
com.uber.okbuck.core.manager.KotlinManager	finalizeDependencies()	KOTLIN_GRADLE_MODULE_API	com.uber.okbuck.core.manager.KotlinManager	SOURCE
com.uber.okbuck.core.manager.KotlinManager	finalizeDependencies()	kotlinVersion	com.uber.okbuck.core.manager.KotlinManager	SOURCE
com.uber.okbuck.core.manager.KotlinManager	finalizeDependencies()	KOTLIN_REFLECT_MODULE	com.uber.okbuck.core.manager.KotlinManager	SOURCE
com.uber.okbuck.core.manager.KotlinManager	finalizeDependencies()	kotlinVersion	com.uber.okbuck.core.manager.KotlinManager	SOURCE
com.uber.okbuck.core.manager.KotlinManager	finalizeDependencies()	KOTLIN_SCRIPT_RUNTIME_MODULE	com.uber.okbuck.core.manager.KotlinManager	SOURCE
com.uber.okbuck.core.manager.KotlinManager	finalizeDependencies()	kotlinVersion	com.uber.okbuck.core.manager.KotlinManager	SOURCE
com.uber.okbuck.core.manager.KotlinManager	finalizeDependencies()	KOTLIN_STDLIB_MODULE	com.uber.okbuck.core.manager.KotlinManager	SOURCE
com.uber.okbuck.core.manager.KotlinManager	finalizeDependencies()	kotlinVersion	com.uber.okbuck.core.manager.KotlinManager	SOURCE
com.uber.okbuck.core.manager.KotlinManager	finalizeDependencies()	KOTLIN_STDLIB_COMMON_MODULE	com.uber.okbuck.core.manager.KotlinManager	SOURCE
com.uber.okbuck.core.manager.KotlinManager	finalizeDependencies()	kotlinVersion	com.uber.okbuck.core.manager.KotlinManager	SOURCE
com.uber.okbuck.core.manager.ScalaManager	SCALA_COMPILER_LOCATION	DEFAULT_CACHE_PATH	com.uber.okbuck.OkBuckGradlePlugin	SOURCE
com.uber.okbuck.core.manager.ScalaManager	ScalaManager(org.gradle.api.Project)	rootProject	com.uber.okbuck.core.manager.ScalaManager	SOURCE
com.uber.okbuck.core.manager.ScalaManager	ScalaManager(org.gradle.api.Project)	this	com.uber.okbuck.core.manager.ScalaManager	SOURCE
com.uber.okbuck.core.manager.ScalaManager	setupScalaHome(java.lang.String)	rootProject	com.uber.okbuck.core.manager.ScalaManager	SOURCE
com.uber.okbuck.core.manager.ScalaManager	setupScalaHome(java.lang.String)	SCALA_DEPS_CONFIG	com.uber.okbuck.core.manager.ScalaManager	SOURCE
com.uber.okbuck.core.manager.ScalaManager	setupScalaHome(java.lang.String)	rootProject	com.uber.okbuck.core.manager.ScalaManager	SOURCE
com.uber.okbuck.core.manager.ScalaManager	setupScalaHome(java.lang.String)	SCALA_DEPS_CONFIG	com.uber.okbuck.core.manager.ScalaManager	SOURCE
com.uber.okbuck.core.manager.ScalaManager	setupScalaHome(java.lang.String)	dependencies	com.uber.okbuck.core.manager.ScalaManager	SOURCE
com.uber.okbuck.core.manager.ScalaManager	setupScalaHome(java.lang.String)	rootProject	com.uber.okbuck.core.manager.ScalaManager	SOURCE
com.uber.okbuck.core.manager.ScalaManager	setupScalaHome(java.lang.String)	rootProject	com.uber.okbuck.core.manager.ScalaManager	SOURCE
com.uber.okbuck.core.manager.ScalaManager	finalizeDependencies()	dependencies	com.uber.okbuck.core.manager.ScalaManager	SOURCE
com.uber.okbuck.core.manager.ScalaManager	finalizeDependencies()	dependencies	com.uber.okbuck.core.manager.ScalaManager	SOURCE
com.uber.okbuck.core.manager.ScalaManager	finalizeDependencies()	rootProject	com.uber.okbuck.core.manager.ScalaManager	SOURCE
com.uber.okbuck.core.manager.ScalaManager	finalizeDependencies()	SCALA_COMPILER_LOCATION	com.uber.okbuck.core.manager.ScalaManager	SOURCE
com.uber.okbuck.core.manager.GroovyManager	GROOVY_HOME_LOCATION	DEFAULT_CACHE_PATH	com.uber.okbuck.OkBuckGradlePlugin	SOURCE
com.uber.okbuck.core.manager.GroovyManager	GroovyManager(org.gradle.api.Project)	rootProject	com.uber.okbuck.core.manager.GroovyManager	SOURCE
com.uber.okbuck.core.manager.GroovyManager	GroovyManager(org.gradle.api.Project)	this	com.uber.okbuck.core.manager.GroovyManager	SOURCE
com.uber.okbuck.core.manager.GroovyManager	setupGroovyHome()	rootProject	com.uber.okbuck.core.manager.GroovyManager	SOURCE
com.uber.okbuck.core.manager.GroovyManager	setupGroovyHome()	GROOVY_DEPS_CONFIG	com.uber.okbuck.core.manager.GroovyManager	SOURCE
com.uber.okbuck.core.manager.GroovyManager	setupGroovyHome()	rootProject	com.uber.okbuck.core.manager.GroovyManager	SOURCE
com.uber.okbuck.core.manager.GroovyManager	setupGroovyHome()	GROOVY_DEPS_CONFIG	com.uber.okbuck.core.manager.GroovyManager	SOURCE
com.uber.okbuck.core.manager.GroovyManager	setupGroovyHome()	dependencies	com.uber.okbuck.core.manager.GroovyManager	SOURCE
com.uber.okbuck.core.manager.GroovyManager	setupGroovyHome()	rootProject	com.uber.okbuck.core.manager.GroovyManager	SOURCE
com.uber.okbuck.core.manager.GroovyManager	setupGroovyHome()	rootProject	com.uber.okbuck.core.manager.GroovyManager	SOURCE
com.uber.okbuck.core.manager.GroovyManager	setupGroovyHome()	rootProject	com.uber.okbuck.core.manager.GroovyManager	SOURCE
com.uber.okbuck.core.manager.GroovyManager	setupGroovyHome()	GROOVY_HOME_LOCATION	com.uber.okbuck.core.manager.GroovyManager	SOURCE
com.uber.okbuck.core.manager.GroovyManager	finalDependencies()	dependencies	com.uber.okbuck.core.manager.GroovyManager	SOURCE
com.uber.okbuck.core.manager.GroovyManager	finalDependencies()	rootProject	com.uber.okbuck.core.manager.GroovyManager	SOURCE
com.uber.okbuck.core.manager.GroovyManager	finalDependencies()	GROOVY_HOME_LOCATION	com.uber.okbuck.core.manager.GroovyManager	SOURCE
com.uber.okbuck.core.manager.GroovyManager	finalDependencies()	dependencies	com.uber.okbuck.core.manager.GroovyManager	SOURCE
com.uber.okbuck.core.manager.GroovyManager	finalDependencies()	rootProject	com.uber.okbuck.core.manager.GroovyManager	SOURCE
com.uber.okbuck.core.manager.TransformManager	TRANSFORM_CACHE	DEFAULT_CACHE_PATH	com.uber.okbuck.OkBuckGradlePlugin	SOURCE
com.uber.okbuck.core.manager.TransformManager	TRANSFORM_CACHE	TRANSFORM_CACHE	com.uber.okbuck.core.manager.TransformManager	SOURCE
com.uber.okbuck.core.manager.TransformManager	TRANSFORM_CACHE	TRANSFORM_CACHE	com.uber.okbuck.core.manager.TransformManager	SOURCE
com.uber.okbuck.core.manager.TransformManager	TRANSFORM_JAR	TRANSFORM_JAR	com.uber.okbuck.core.manager.TransformManager	SOURCE
com.uber.okbuck.core.manager.TransformManager	TRANSFORM_RULE	TRANSFORM_RULE	com.uber.okbuck.core.manager.TransformManager	SOURCE
com.uber.okbuck.core.manager.TransformManager	TransformManager(org.gradle.api.Project)	rootProject	com.uber.okbuck.core.manager.TransformManager	SOURCE
com.uber.okbuck.core.manager.TransformManager	TransformManager(org.gradle.api.Project)	this	com.uber.okbuck.core.manager.TransformManager	SOURCE
com.uber.okbuck.core.manager.TransformManager	fetchTransformDeps()	rootProject	com.uber.okbuck.core.manager.TransformManager	SOURCE
com.uber.okbuck.core.manager.TransformManager	fetchTransformDeps()	rootProject	com.uber.okbuck.core.manager.TransformManager	SOURCE
com.uber.okbuck.core.manager.TransformManager	fetchTransformDeps()	rootProject	com.uber.okbuck.core.manager.TransformManager	SOURCE
com.uber.okbuck.core.manager.TransformManager	fetchTransformDeps()	CONFIGURATION_TRANSFORM	com.uber.okbuck.core.manager.TransformManager	SOURCE
com.uber.okbuck.core.manager.TransformManager	fetchTransformDeps()	TRANSFORM_JAR_RULE	com.uber.okbuck.core.manager.TransformManager	SOURCE
com.uber.okbuck.core.manager.TransformManager	fetchTransformDeps()	dependencies	com.uber.okbuck.core.manager.TransformManager	SOURCE
com.uber.okbuck.core.manager.TransformManager	finalizeDependencies()	rootProject	com.uber.okbuck.core.manager.TransformManager	SOURCE
com.uber.okbuck.core.manager.TransformManager	finalizeDependencies()	TRANSFORM_CACHE	com.uber.okbuck.core.manager.TransformManager	SOURCE
com.uber.okbuck.core.manager.TransformManager	finalizeDependencies()	dependencies	com.uber.okbuck.core.manager.TransformManager	SOURCE
com.uber.okbuck.core.manager.TransformManager	copyFiles(java.nio.file.Path)	TRANSFORM_FOLDER	com.uber.okbuck.core.manager.TransformManager	SOURCE
com.uber.okbuck.core.manager.TransformManager	copyFiles(java.nio.file.Path)	TRANSFORM_JAR	com.uber.okbuck.core.manager.TransformManager	SOURCE
com.uber.okbuck.core.manager.TransformManager	copyFiles(java.nio.file.Path)	TRANSFORM_JAR	com.uber.okbuck.core.manager.TransformManager	SOURCE
com.uber.okbuck.core.manager.TransformManager	copyFiles(java.nio.file.Path)	configFileToPathMap	com.uber.okbuck.core.manager.TransformManager	SOURCE
com.uber.okbuck.core.manager.TransformManager	composeBuckFile(java.nio.file.Path)	dependencies	com.uber.okbuck.core.manager.TransformManager	SOURCE
com.uber.okbuck.core.manager.TransformManager	composeBuckFile(java.nio.file.Path)	TRANSFORM_JAR	com.uber.okbuck.core.manager.TransformManager	SOURCE
com.uber.okbuck.core.manager.TransformManager	composeBuckFile(java.nio.file.Path)	dependencies	com.uber.okbuck.core.manager.TransformManager	SOURCE
com.uber.okbuck.core.manager.TransformManager	composeBuckFile(java.nio.file.Path)	configFileToPathMap	com.uber.okbuck.core.manager.TransformManager	SOURCE
com.uber.okbuck.core.manager.TransformManager	composeBuckFile(java.nio.file.Path)	BUCK	com.uber.okbuck.OkBuckGradlePlugin	SOURCE
com.uber.okbuck.core.manager.TransformManager	getBashCommandAndTransformDeps(com.uber.okbuck.core.model.android.AndroidAppTarget,java.util.Map)	OPT_TRANSFORM_CLASS	com.uber.okbuck.core.manager.TransformManager	SOURCE
com.uber.okbuck.core.manager.TransformManager	getBashCommandAndTransformDeps(com.uber.okbuck.core.model.android.AndroidAppTarget,java.util.Map)	OPT_CONFIG_FILE	com.uber.okbuck.core.manager.TransformManager	SOURCE
com.uber.okbuck.core.manager.TransformManager	getBashCommandAndTransformDeps(com.uber.okbuck.core.model.android.AndroidAppTarget,java.util.Map)	PREFIX	com.uber.okbuck.core.manager.TransformManager	SOURCE
com.uber.okbuck.core.manager.TransformManager	getBashCommandAndTransformDeps(com.uber.okbuck.core.model.android.AndroidAppTarget,java.util.Map)	SUFFIX	com.uber.okbuck.core.manager.TransformManager	SOURCE
com.uber.okbuck.core.manager.TransformManager	getTransformConfigRuleForFile(org.gradle.api.Project,java.io.File)	configFileToPathMap	com.uber.okbuck.core.manager.TransformManager	SOURCE
com.uber.okbuck.core.manager.TransformManager	getTransformConfigRuleForFile(org.gradle.api.Project,java.io.File)	TRANSFORM_CACHE	com.uber.okbuck.core.manager.TransformManager	SOURCE
com.uber.okbuck.core.manager.RobolectricManager	ROBOLECTRIC_CACHE	DEFAULT_CACHE_PATH	com.uber.okbuck.OkBuckGradlePlugin	SOURCE
com.uber.okbuck.core.manager.RobolectricManager	RobolectricManager(org.gradle.api.Project)	rootProject	com.uber.okbuck.core.manager.RobolectricManager	SOURCE
com.uber.okbuck.core.manager.RobolectricManager	RobolectricManager(org.gradle.api.Project)	this	com.uber.okbuck.core.manager.RobolectricManager	SOURCE
com.uber.okbuck.core.manager.RobolectricManager	download()	class	com.uber.okbuck.core.manager.RobolectricManager$API	SOURCE
com.uber.okbuck.core.manager.RobolectricManager	download()	rootProject	com.uber.okbuck.core.manager.RobolectricManager	SOURCE
com.uber.okbuck.core.manager.RobolectricManager	download()	ROBOLECTRIC_RUNTIME	com.uber.okbuck.core.manager.RobolectricManager	SOURCE
com.uber.okbuck.core.manager.RobolectricManager	download()	rootProject	com.uber.okbuck.core.manager.RobolectricManager	SOURCE
com.uber.okbuck.core.manager.RobolectricManager	download()	rootProject	com.uber.okbuck.core.manager.RobolectricManager	SOURCE
com.uber.okbuck.core.manager.RobolectricManager	download()	rootProject	com.uber.okbuck.core.manager.RobolectricManager	SOURCE
com.uber.okbuck.core.manager.RobolectricManager	download()	dependencies	com.uber.okbuck.core.manager.RobolectricManager	SOURCE
com.uber.okbuck.core.manager.RobolectricManager	finalizeDependencies()	dependencies	com.uber.okbuck.core.manager.RobolectricManager	SOURCE
com.uber.okbuck.core.manager.RobolectricManager	finalizeDependencies()	rootProject	com.uber.okbuck.core.manager.RobolectricManager	SOURCE
com.uber.okbuck.core.manager.RobolectricManager	finalizeDependencies()	ROBOLECTRIC_CACHE	com.uber.okbuck.core.manager.RobolectricManager	SOURCE
com.uber.okbuck.core.manager.RobolectricManager	finalizeDependencies()	dependencies	com.uber.okbuck.core.manager.RobolectricManager	SOURCE
com.uber.okbuck.core.manager.RobolectricManager	finalizeDependencies()	rootProject	com.uber.okbuck.core.manager.RobolectricManager	SOURCE
com.uber.okbuck.core.manager.RobolectricManager$API	API(java.lang.String,java.lang.String)	androidVersion	com.uber.okbuck.core.manager.RobolectricManager$API	SOURCE
com.uber.okbuck.core.manager.RobolectricManager$API	API(java.lang.String,java.lang.String)	this	com.uber.okbuck.core.manager.RobolectricManager$API	SOURCE
com.uber.okbuck.core.manager.RobolectricManager$API	API(java.lang.String,java.lang.String)	frameworkSdkBuildVersion	com.uber.okbuck.core.manager.RobolectricManager$API	SOURCE
com.uber.okbuck.core.manager.RobolectricManager$API	API(java.lang.String,java.lang.String)	this	com.uber.okbuck.core.manager.RobolectricManager$API	SOURCE
com.uber.okbuck.core.manager.RobolectricManager$API	getCoordinates()	androidVersion	com.uber.okbuck.core.manager.RobolectricManager$API	SOURCE
com.uber.okbuck.core.manager.RobolectricManager$API	getCoordinates()	frameworkSdkBuildVersion	com.uber.okbuck.core.manager.RobolectricManager$API	SOURCE
com.uber.okbuck.core.manager.BuckManager	BUCK_BINARY_LOCATION	DEFAULT_CACHE_PATH	com.uber.okbuck.OkBuckGradlePlugin	SOURCE
com.uber.okbuck.core.manager.BuckManager	BuckManager(org.gradle.api.Project)	rootProject	com.uber.okbuck.core.manager.BuckManager	SOURCE
com.uber.okbuck.core.manager.BuckManager	BuckManager(org.gradle.api.Project)	this	com.uber.okbuck.core.manager.BuckManager	SOURCE
com.uber.okbuck.core.manager.BuckManager	setupBuckBinary()	rootProject	com.uber.okbuck.core.manager.BuckManager	SOURCE
com.uber.okbuck.core.manager.BuckManager	setupBuckBinary()	buckBinary	com.uber.okbuck.extension.OkBuckExtension	SOURCE
com.uber.okbuck.core.manager.BuckManager	setupBuckBinary()	rootProject	com.uber.okbuck.core.manager.BuckManager	SOURCE
com.uber.okbuck.core.manager.BuckManager	setupBuckBinary()	BUCK_BINARY_CONFIGURATION	com.uber.okbuck.core.manager.BuckManager	SOURCE
com.uber.okbuck.core.manager.BuckManager	setupBuckBinary()	rootProject	com.uber.okbuck.core.manager.BuckManager	SOURCE
com.uber.okbuck.core.manager.BuckManager	setupBuckBinary()	JITPACK_URL	com.uber.okbuck.core.manager.BuckManager	SOURCE
com.uber.okbuck.core.manager.BuckManager	setupBuckBinary()	rootProject	com.uber.okbuck.core.manager.BuckManager	SOURCE
com.uber.okbuck.core.manager.BuckManager	setupBuckBinary()	BUCK_BINARY_CONFIGURATION	com.uber.okbuck.core.manager.BuckManager	SOURCE
com.uber.okbuck.core.manager.BuckManager	setupBuckBinary()	buckBinary	com.uber.okbuck.extension.OkBuckExtension	SOURCE
com.uber.okbuck.core.manager.BuckManager	setupBuckBinary()	realBuckBinaryPath	com.uber.okbuck.core.manager.BuckManager	SOURCE
com.uber.okbuck.core.manager.BuckManager	finalizeDependencies()	realBuckBinaryPath	com.uber.okbuck.core.manager.BuckManager	SOURCE
com.uber.okbuck.core.manager.BuckManager	finalizeDependencies()	rootProject	com.uber.okbuck.core.manager.BuckManager	SOURCE
com.uber.okbuck.core.manager.BuckManager	finalizeDependencies()	BUCK_BINARY_LOCATION	com.uber.okbuck.core.manager.BuckManager	SOURCE
com.uber.okbuck.core.manager.BuckManager	finalizeDependencies()	realBuckBinaryPath	com.uber.okbuck.core.manager.BuckManager	SOURCE
com.uber.okbuck.core.manager.BuckManager	finalizeDependencies()	realBuckBinaryPath	com.uber.okbuck.core.manager.BuckManager	SOURCE
