id	class	method	parent	flags	annotations	visibility	non-primitive-return	path
1	com.uber.okbuck.template.core.Rule	name()	0	[]		public	true	/home/nima/Developer/nullness-benchmarks/okbuck/buildSrc/src/main/rocker/com/uber/okbuck/template/core/Rule.java
2	com.uber.okbuck.template.core.Rule	ruleType(java.lang.String)	0	[false]		public	true	/home/nima/Developer/nullness-benchmarks/okbuck/buildSrc/src/main/rocker/com/uber/okbuck/template/core/Rule.java
3	com.uber.okbuck.template.core.Rule	name(java.lang.String)	0	[false]		public	true	/home/nima/Developer/nullness-benchmarks/okbuck/buildSrc/src/main/rocker/com/uber/okbuck/template/core/Rule.java
4	com.uber.okbuck.template.core.Rule	deps(java.util.Collection)	0	[false]		public	true	/home/nima/Developer/nullness-benchmarks/okbuck/buildSrc/src/main/rocker/com/uber/okbuck/template/core/Rule.java
5	com.uber.okbuck.template.core.Rule	labels(java.util.Collection)	0	[false]		public	true	/home/nima/Developer/nullness-benchmarks/okbuck/buildSrc/src/main/rocker/com/uber/okbuck/template/core/Rule.java
6	com.uber.okbuck.template.core.Rule	visibility(java.util.Collection)	0	[false]		public	true	/home/nima/Developer/nullness-benchmarks/okbuck/buildSrc/src/main/rocker/com/uber/okbuck/template/core/Rule.java
7	com.uber.okbuck.template.core.Rule	defaultVisibility()	0	[]		public	true	/home/nima/Developer/nullness-benchmarks/okbuck/buildSrc/src/main/rocker/com/uber/okbuck/template/core/Rule.java
8	com.uber.okbuck.template.core.Rule	extraBuckOpts(java.util.Collection)	0	[false]		public	true	/home/nima/Developer/nullness-benchmarks/okbuck/buildSrc/src/main/rocker/com/uber/okbuck/template/core/Rule.java
9	com.uber.okbuck.template.core.Rule	valid(java.util.Map)	0	[false]		protected	false	/home/nima/Developer/nullness-benchmarks/okbuck/buildSrc/src/main/rocker/com/uber/okbuck/template/core/Rule.java
10	com.uber.okbuck.template.core.Rule	valid(java.util.Collection)	0	[false]		protected	false	/home/nima/Developer/nullness-benchmarks/okbuck/buildSrc/src/main/rocker/com/uber/okbuck/template/core/Rule.java
11	com.uber.okbuck.template.core.Rule	valid(java.lang.String)	0	[false]		protected	false	/home/nima/Developer/nullness-benchmarks/okbuck/buildSrc/src/main/rocker/com/uber/okbuck/template/core/Rule.java
12	com.uber.okbuck.template.core.Rule	render(java.io.OutputStream)	0	[false]		public	false	/home/nima/Developer/nullness-benchmarks/okbuck/buildSrc/src/main/rocker/com/uber/okbuck/template/core/Rule.java
13	com.uber.okbuck.template.core.Rule	render(java.nio.file.Path)	0	[false]		public	false	/home/nima/Developer/nullness-benchmarks/okbuck/buildSrc/src/main/rocker/com/uber/okbuck/template/core/Rule.java
14	com.uber.okbuck.template.core.Rule	render(java.io.File)	0	[false]		public	false	/home/nima/Developer/nullness-benchmarks/okbuck/buildSrc/src/main/rocker/com/uber/okbuck/template/core/Rule.java
15	com.uber.okbuck.template.core.Rule	sorted(java.util.Collection)	0	[false]		protected	true	/home/nima/Developer/nullness-benchmarks/okbuck/buildSrc/src/main/rocker/com/uber/okbuck/template/core/Rule.java
16	com.uber.okbuck.template.core.RuleTemplate	RuleTemplate(com.fizzed.rocker.RockerModel)	0	[false]		public	false	/home/nima/Developer/nullness-benchmarks/okbuck/buildSrc/src/main/rocker/com/uber/okbuck/template/core/RuleTemplate.java
17	com.uber.okbuck.template.core.RuleTemplate	__associate(com.fizzed.rocker.RockerTemplate)	18	[false]	java.lang.Override	protected	false	/home/nima/Developer/nullness-benchmarks/okbuck/buildSrc/src/main/rocker/com/uber/okbuck/template/core/RuleTemplate.java
19	com.uber.okbuck.extension.OkBuckExtension	OkBuckExtension(org.gradle.api.Project)	0	[false]		public	false	/home/nima/Developer/nullness-benchmarks/okbuck/buildSrc/src/main/java/com/uber/okbuck/extension/OkBuckExtension.java
20	com.uber.okbuck.extension.OkBuckExtension	wrapper(org.gradle.api.Action)	0	[false]		public	false	/home/nima/Developer/nullness-benchmarks/okbuck/buildSrc/src/main/java/com/uber/okbuck/extension/OkBuckExtension.java
21	com.uber.okbuck.extension.OkBuckExtension	getWrapperExtension()	0	[]		public	true	/home/nima/Developer/nullness-benchmarks/okbuck/buildSrc/src/main/java/com/uber/okbuck/extension/OkBuckExtension.java
22	com.uber.okbuck.extension.OkBuckExtension	kotlin(org.gradle.api.Action)	0	[false]		public	false	/home/nima/Developer/nullness-benchmarks/okbuck/buildSrc/src/main/java/com/uber/okbuck/extension/OkBuckExtension.java
23	com.uber.okbuck.extension.OkBuckExtension	getKotlinExtension()	0	[]		public	true	/home/nima/Developer/nullness-benchmarks/okbuck/buildSrc/src/main/java/com/uber/okbuck/extension/OkBuckExtension.java
24	com.uber.okbuck.extension.OkBuckExtension	scala(org.gradle.api.Action)	0	[false]		public	false	/home/nima/Developer/nullness-benchmarks/okbuck/buildSrc/src/main/java/com/uber/okbuck/extension/OkBuckExtension.java
25	com.uber.okbuck.extension.OkBuckExtension	getScalaExtension()	0	[]		public	true	/home/nima/Developer/nullness-benchmarks/okbuck/buildSrc/src/main/java/com/uber/okbuck/extension/OkBuckExtension.java
26	com.uber.okbuck.extension.OkBuckExtension	intellij(org.gradle.api.Action)	0	[false]		public	false	/home/nima/Developer/nullness-benchmarks/okbuck/buildSrc/src/main/java/com/uber/okbuck/extension/OkBuckExtension.java
27	com.uber.okbuck.extension.OkBuckExtension	getIntellijExtension()	0	[]		public	true	/home/nima/Developer/nullness-benchmarks/okbuck/buildSrc/src/main/java/com/uber/okbuck/extension/OkBuckExtension.java
28	com.uber.okbuck.extension.OkBuckExtension	experimental(org.gradle.api.Action)	0	[false]		public	false	/home/nima/Developer/nullness-benchmarks/okbuck/buildSrc/src/main/java/com/uber/okbuck/extension/OkBuckExtension.java
29	com.uber.okbuck.extension.OkBuckExtension	getExperimentalExtension()	0	[]		public	true	/home/nima/Developer/nullness-benchmarks/okbuck/buildSrc/src/main/java/com/uber/okbuck/extension/OkBuckExtension.java
30	com.uber.okbuck.extension.OkBuckExtension	test(org.gradle.api.Action)	0	[false]		public	false	/home/nima/Developer/nullness-benchmarks/okbuck/buildSrc/src/main/java/com/uber/okbuck/extension/OkBuckExtension.java
31	com.uber.okbuck.extension.OkBuckExtension	getTestExtension()	0	[]		public	true	/home/nima/Developer/nullness-benchmarks/okbuck/buildSrc/src/main/java/com/uber/okbuck/extension/OkBuckExtension.java
32	com.uber.okbuck.extension.OkBuckExtension	lint(org.gradle.api.Action)	0	[false]		public	false	/home/nima/Developer/nullness-benchmarks/okbuck/buildSrc/src/main/java/com/uber/okbuck/extension/OkBuckExtension.java
33	com.uber.okbuck.extension.OkBuckExtension	getLintExtension()	0	[]		public	true	/home/nima/Developer/nullness-benchmarks/okbuck/buildSrc/src/main/java/com/uber/okbuck/extension/OkBuckExtension.java
34	com.uber.okbuck.extension.OkBuckExtension	transform(org.gradle.api.Action)	0	[false]		public	false	/home/nima/Developer/nullness-benchmarks/okbuck/buildSrc/src/main/java/com/uber/okbuck/extension/OkBuckExtension.java
35	com.uber.okbuck.extension.OkBuckExtension	getTransformExtension()	0	[]		public	true	/home/nima/Developer/nullness-benchmarks/okbuck/buildSrc/src/main/java/com/uber/okbuck/extension/OkBuckExtension.java
36	com.uber.okbuck.extension.OkBuckExtension	externalDependencies(org.gradle.api.Action)	0	[false]		public	false	/home/nima/Developer/nullness-benchmarks/okbuck/buildSrc/src/main/java/com/uber/okbuck/extension/OkBuckExtension.java
37	com.uber.okbuck.extension.OkBuckExtension	getExternalDependenciesExtension()	0	[]		public	true	/home/nima/Developer/nullness-benchmarks/okbuck/buildSrc/src/main/java/com/uber/okbuck/extension/OkBuckExtension.java
38	com.uber.okbuck.extension.KotlinExtension	KotlinExtension(org.gradle.api.Project)	0	[false]		package	false	/home/nima/Developer/nullness-benchmarks/okbuck/buildSrc/src/main/java/com/uber/okbuck/extension/KotlinExtension.java
39	com.uber.okbuck.extension.LintExtension	LintExtension(org.gradle.api.Project)	0	[false]		package	false	/home/nima/Developer/nullness-benchmarks/okbuck/buildSrc/src/main/java/com/uber/okbuck/extension/LintExtension.java
40	com.uber.okbuck.extension.ExternalDependenciesExtension	getAllowedVersionsMap()	0	[]		private	true	/home/nima/Developer/nullness-benchmarks/okbuck/buildSrc/src/main/java/com/uber/okbuck/extension/ExternalDependenciesExtension.java
41	com.uber.okbuck.extension.ExternalDependenciesExtension	getAllowAllVersionsSet()	0	[]		private	true	/home/nima/Developer/nullness-benchmarks/okbuck/buildSrc/src/main/java/com/uber/okbuck/extension/ExternalDependenciesExtension.java
42	com.uber.okbuck.extension.ExternalDependenciesExtension	isVersioned(com.uber.okbuck.core.dependency.VersionlessDependency)	0	[false]		public	false	/home/nima/Developer/nullness-benchmarks/okbuck/buildSrc/src/main/java/com/uber/okbuck/extension/ExternalDependenciesExtension.java
43	com.uber.okbuck.extension.ExternalDependenciesExtension	isAllowed(com.uber.okbuck.core.dependency.ExternalDependency)	0	[false]	java.lang.SuppressWarnings	public	false	/home/nima/Developer/nullness-benchmarks/okbuck/buildSrc/src/main/java/com/uber/okbuck/extension/ExternalDependenciesExtension.java
44	com.uber.okbuck.core.dependency.VersionlessDependency	group()	0	[]		public	true	/home/nima/Developer/nullness-benchmarks/okbuck/buildSrc/src/main/java/com/uber/okbuck/core/dependency/VersionlessDependency.java
45	com.uber.okbuck.core.dependency.VersionlessDependency	name()	0	[]		public	true	/home/nima/Developer/nullness-benchmarks/okbuck/buildSrc/src/main/java/com/uber/okbuck/core/dependency/VersionlessDependency.java
46	com.uber.okbuck.core.dependency.VersionlessDependency	classifier()	0	[]		public	true	/home/nima/Developer/nullness-benchmarks/okbuck/buildSrc/src/main/java/com/uber/okbuck/core/dependency/VersionlessDependency.java
47	com.uber.okbuck.core.dependency.VersionlessDependency	builder()	0	[]		public	true	/home/nima/Developer/nullness-benchmarks/okbuck/buildSrc/src/main/java/com/uber/okbuck/core/dependency/VersionlessDependency.java
48	com.uber.okbuck.core.dependency.VersionlessDependency$Builder	setGroup(java.lang.String)	0	[false]		public	true	/home/nima/Developer/nullness-benchmarks/okbuck/buildSrc/src/main/java/com/uber/okbuck/core/dependency/VersionlessDependency.java
49	com.uber.okbuck.core.dependency.VersionlessDependency$Builder	setName(java.lang.String)	0	[false]		public	true	/home/nima/Developer/nullness-benchmarks/okbuck/buildSrc/src/main/java/com/uber/okbuck/core/dependency/VersionlessDependency.java
50	com.uber.okbuck.core.dependency.VersionlessDependency$Builder	setClassifier(java.util.Optional)	0	[false]		public	true	/home/nima/Developer/nullness-benchmarks/okbuck/buildSrc/src/main/java/com/uber/okbuck/core/dependency/VersionlessDependency.java
51	com.uber.okbuck.core.dependency.VersionlessDependency$Builder	setClassifier(java.lang.String)	0	[false]		public	true	/home/nima/Developer/nullness-benchmarks/okbuck/buildSrc/src/main/java/com/uber/okbuck/core/dependency/VersionlessDependency.java
52	com.uber.okbuck.core.dependency.VersionlessDependency$Builder	build()	0	[]		public	true	/home/nima/Developer/nullness-benchmarks/okbuck/buildSrc/src/main/java/com/uber/okbuck/core/dependency/VersionlessDependency.java
53	com.uber.okbuck.core.dependency.VersionlessDependency	mavenCoords()	0	[]	com.google.auto.value.extension.memoized.Memoized	public	true	/home/nima/Developer/nullness-benchmarks/okbuck/buildSrc/src/main/java/com/uber/okbuck/core/dependency/VersionlessDependency.java
54	com.uber.okbuck.core.dependency.VersionlessDependency	fromMavenCoords(java.lang.String)	0	[false]		public	true	/home/nima/Developer/nullness-benchmarks/okbuck/buildSrc/src/main/java/com/uber/okbuck/core/dependency/VersionlessDependency.java
55	com.uber.okbuck.core.dependency.ExternalDependency	equals(java.lang.Object)	56	[false]	java.lang.Override	public	false	/home/nima/Developer/nullness-benchmarks/okbuck/buildSrc/src/main/java/com/uber/okbuck/core/dependency/ExternalDependency.java
57	com.uber.okbuck.core.dependency.ExternalDependency	hashCode()	58	[]	java.lang.Override	public	false	/home/nima/Developer/nullness-benchmarks/okbuck/buildSrc/src/main/java/com/uber/okbuck/core/dependency/ExternalDependency.java
59	com.uber.okbuck.core.dependency.ExternalDependency	toString()	60	[]	java.lang.Override	public	true	/home/nima/Developer/nullness-benchmarks/okbuck/buildSrc/src/main/java/com/uber/okbuck/core/dependency/ExternalDependency.java
61	com.uber.okbuck.core.dependency.ExternalDependency	getGroup()	0	[]		public	true	/home/nima/Developer/nullness-benchmarks/okbuck/buildSrc/src/main/java/com/uber/okbuck/core/dependency/ExternalDependency.java
62	com.uber.okbuck.core.dependency.ExternalDependency	getName()	0	[]		public	true	/home/nima/Developer/nullness-benchmarks/okbuck/buildSrc/src/main/java/com/uber/okbuck/core/dependency/ExternalDependency.java
63	com.uber.okbuck.core.dependency.ExternalDependency	getVersionless()	0	[]		public	true	/home/nima/Developer/nullness-benchmarks/okbuck/buildSrc/src/main/java/com/uber/okbuck/core/dependency/ExternalDependency.java
64	com.uber.okbuck.core.dependency.ExternalDependency	getVersion()	0	[]		public	true	/home/nima/Developer/nullness-benchmarks/okbuck/buildSrc/src/main/java/com/uber/okbuck/core/dependency/ExternalDependency.java
65	com.uber.okbuck.core.dependency.ExternalDependency	getRealDependencyFile()	0	[]		public	true	/home/nima/Developer/nullness-benchmarks/okbuck/buildSrc/src/main/java/com/uber/okbuck/core/dependency/ExternalDependency.java
66	com.uber.okbuck.core.dependency.ExternalDependency	getPackaging()	0	[]		public	true	/home/nima/Developer/nullness-benchmarks/okbuck/buildSrc/src/main/java/com/uber/okbuck/core/dependency/ExternalDependency.java
67	com.uber.okbuck.core.dependency.ExternalDependency	getMavenCoords()	0	[]		public	true	/home/nima/Developer/nullness-benchmarks/okbuck/buildSrc/src/main/java/com/uber/okbuck/core/dependency/ExternalDependency.java
68	com.uber.okbuck.core.dependency.ExternalDependency	getBasePath()	0	[]		public	true	/home/nima/Developer/nullness-benchmarks/okbuck/buildSrc/src/main/java/com/uber/okbuck/core/dependency/ExternalDependency.java
69	com.uber.okbuck.core.dependency.ExternalDependency	getCacheName()	0	[]		public	true	/home/nima/Developer/nullness-benchmarks/okbuck/buildSrc/src/main/java/com/uber/okbuck/core/dependency/ExternalDependency.java
70	com.uber.okbuck.core.dependency.ExternalDependency	getLintCacheName()	0	[]		public	true	/home/nima/Developer/nullness-benchmarks/okbuck/buildSrc/src/main/java/com/uber/okbuck/core/dependency/ExternalDependency.java
71	com.uber.okbuck.core.dependency.ExternalDependency	getDependencyFileName()	0	[]		public	true	/home/nima/Developer/nullness-benchmarks/okbuck/buildSrc/src/main/java/com/uber/okbuck/core/dependency/ExternalDependency.java
72	com.uber.okbuck.core.dependency.ExternalDependency	getDependencyFilePath()	0	[]		public	true	/home/nima/Developer/nullness-benchmarks/okbuck/buildSrc/src/main/java/com/uber/okbuck/core/dependency/ExternalDependency.java
73	com.uber.okbuck.core.dependency.ExternalDependency	getSourceFileName()	0	[]		public	true	/home/nima/Developer/nullness-benchmarks/okbuck/buildSrc/src/main/java/com/uber/okbuck/core/dependency/ExternalDependency.java
74	com.uber.okbuck.core.dependency.ExternalDependency	getSourceFilePath()	0	[]		public	true	/home/nima/Developer/nullness-benchmarks/okbuck/buildSrc/src/main/java/com/uber/okbuck/core/dependency/ExternalDependency.java
75	com.uber.okbuck.core.dependency.ExternalDependency	getLintFileName()	0	[]		public	true	/home/nima/Developer/nullness-benchmarks/okbuck/buildSrc/src/main/java/com/uber/okbuck/core/dependency/ExternalDependency.java
76	com.uber.okbuck.core.dependency.ExternalDependency	getLintFilePath()	0	[]		public	true	/home/nima/Developer/nullness-benchmarks/okbuck/buildSrc/src/main/java/com/uber/okbuck/core/dependency/ExternalDependency.java
77	com.uber.okbuck.core.dependency.ExternalDependency	getRealSourceFilePath(org.gradle.api.Project)	0	[false]	javax.annotation.Nullable	public	true	/home/nima/Developer/nullness-benchmarks/okbuck/buildSrc/src/main/java/com/uber/okbuck/core/dependency/ExternalDependency.java
78	com.uber.okbuck.core.dependency.ExternalDependency	hasSourceFile()	0	[]		public	false	/home/nima/Developer/nullness-benchmarks/okbuck/buildSrc/src/main/java/com/uber/okbuck/core/dependency/ExternalDependency.java
79	com.uber.okbuck.core.dependency.ExternalDependency	getRealLintFilePath()	0	[]	javax.annotation.Nullable	public	true	/home/nima/Developer/nullness-benchmarks/okbuck/buildSrc/src/main/java/com/uber/okbuck/core/dependency/ExternalDependency.java
80	com.uber.okbuck.core.dependency.ExternalDependency	hasLintFile()	0	[]		public	false	/home/nima/Developer/nullness-benchmarks/okbuck/buildSrc/src/main/java/com/uber/okbuck/core/dependency/ExternalDependency.java
81	com.uber.okbuck.core.dependency.ExternalDependency	computeSourceFile(org.gradle.api.Project)	0	[false]	javax.annotation.Nullable	private	true	/home/nima/Developer/nullness-benchmarks/okbuck/buildSrc/src/main/java/com/uber/okbuck/core/dependency/ExternalDependency.java
82	com.uber.okbuck.core.dependency.ExternalDependency	getSourceFileNameFrom(java.lang.String)	0	[false]		private	true	/home/nima/Developer/nullness-benchmarks/okbuck/buildSrc/src/main/java/com/uber/okbuck/core/dependency/ExternalDependency.java
83	com.uber.okbuck.core.dependency.ExternalDependency	ExternalDependency(java.lang.String,java.lang.String,java.lang.String,java.lang.String,java.io.File,boolean,com.uber.okbuck.extension.ExternalDependenciesExtension)	0	[false, false, true, true, false, false, false]		private	false	/home/nima/Developer/nullness-benchmarks/okbuck/buildSrc/src/main/java/com/uber/okbuck/core/dependency/ExternalDependency.java
84	com.uber.okbuck.core.dependency.ExternalDependency	from(java.lang.String,java.lang.String,java.lang.String,java.io.File,com.uber.okbuck.extension.ExternalDependenciesExtension)	0	[false, false, true, false, false]		public	true	/home/nima/Developer/nullness-benchmarks/okbuck/buildSrc/src/main/java/com/uber/okbuck/core/dependency/ExternalDependency.java
85	com.uber.okbuck.core.dependency.ExternalDependency	fromLocal(java.io.File,com.uber.okbuck.extension.ExternalDependenciesExtension)	0	[false, false]		public	true	/home/nima/Developer/nullness-benchmarks/okbuck/buildSrc/src/main/java/com/uber/okbuck/core/dependency/ExternalDependency.java
86	com.uber.okbuck.core.dependency.BaseExternalDependency	versionless()	0	[]		public	true	/home/nima/Developer/nullness-benchmarks/okbuck/buildSrc/src/main/java/com/uber/okbuck/core/dependency/BaseExternalDependency.java
87	com.uber.okbuck.core.dependency.BaseExternalDependency	version()	0	[]		public	true	/home/nima/Developer/nullness-benchmarks/okbuck/buildSrc/src/main/java/com/uber/okbuck/core/dependency/BaseExternalDependency.java
88	com.uber.okbuck.core.dependency.BaseExternalDependency	isLocal()	0	[]		public	false	/home/nima/Developer/nullness-benchmarks/okbuck/buildSrc/src/main/java/com/uber/okbuck/core/dependency/BaseExternalDependency.java
89	com.uber.okbuck.core.dependency.BaseExternalDependency	realDependencyFile()	0	[]		public	true	/home/nima/Developer/nullness-benchmarks/okbuck/buildSrc/src/main/java/com/uber/okbuck/core/dependency/BaseExternalDependency.java
90	com.uber.okbuck.core.dependency.BaseExternalDependency	isVersioned()	0	[]		package	false	/home/nima/Developer/nullness-benchmarks/okbuck/buildSrc/src/main/java/com/uber/okbuck/core/dependency/BaseExternalDependency.java
91	com.uber.okbuck.core.dependency.BaseExternalDependency	builder()	0	[]		public	true	/home/nima/Developer/nullness-benchmarks/okbuck/buildSrc/src/main/java/com/uber/okbuck/core/dependency/BaseExternalDependency.java
92	com.uber.okbuck.core.dependency.BaseExternalDependency$Builder	setVersionless(com.uber.okbuck.core.dependency.VersionlessDependency)	0	[false]		public	true	/home/nima/Developer/nullness-benchmarks/okbuck/buildSrc/src/main/java/com/uber/okbuck/core/dependency/BaseExternalDependency.java
93	com.uber.okbuck.core.dependency.BaseExternalDependency$Builder	setVersion(java.lang.String)	0	[false]		public	true	/home/nima/Developer/nullness-benchmarks/okbuck/buildSrc/src/main/java/com/uber/okbuck/core/dependency/BaseExternalDependency.java
94	com.uber.okbuck.core.dependency.BaseExternalDependency$Builder	setIsLocal(boolean)	0	[false]		public	true	/home/nima/Developer/nullness-benchmarks/okbuck/buildSrc/src/main/java/com/uber/okbuck/core/dependency/BaseExternalDependency.java
95	com.uber.okbuck.core.dependency.BaseExternalDependency$Builder	setIsVersioned(boolean)	0	[false]		public	true	/home/nima/Developer/nullness-benchmarks/okbuck/buildSrc/src/main/java/com/uber/okbuck/core/dependency/BaseExternalDependency.java
96	com.uber.okbuck.core.dependency.BaseExternalDependency$Builder	setRealDependencyFile(java.io.File)	0	[false]		public	true	/home/nima/Developer/nullness-benchmarks/okbuck/buildSrc/src/main/java/com/uber/okbuck/core/dependency/BaseExternalDependency.java
97	com.uber.okbuck.core.dependency.BaseExternalDependency$Builder	build()	0	[]		public	true	/home/nima/Developer/nullness-benchmarks/okbuck/buildSrc/src/main/java/com/uber/okbuck/core/dependency/BaseExternalDependency.java
98	com.uber.okbuck.core.dependency.BaseExternalDependency	toString()	60	[]	java.lang.Override	public	true	/home/nima/Developer/nullness-benchmarks/okbuck/buildSrc/src/main/java/com/uber/okbuck/core/dependency/BaseExternalDependency.java
99	com.uber.okbuck.core.dependency.BaseExternalDependency	getMavenCoords()	0	[]	com.google.auto.value.extension.memoized.Memoized	public	true	/home/nima/Developer/nullness-benchmarks/okbuck/buildSrc/src/main/java/com/uber/okbuck/core/dependency/BaseExternalDependency.java
100	com.uber.okbuck.core.dependency.BaseExternalDependency	packaging()	0	[]	com.google.auto.value.extension.memoized.Memoized	public	true	/home/nima/Developer/nullness-benchmarks/okbuck/buildSrc/src/main/java/com/uber/okbuck/core/dependency/BaseExternalDependency.java
101	com.uber.okbuck.core.dependency.BaseExternalDependency	cacheName()	0	[]	com.google.auto.value.extension.memoized.Memoized	public	true	/home/nima/Developer/nullness-benchmarks/okbuck/buildSrc/src/main/java/com/uber/okbuck/core/dependency/BaseExternalDependency.java
102	com.uber.okbuck.core.dependency.BaseExternalDependency	basePath()	0	[]	com.google.auto.value.extension.memoized.Memoized	package	true	/home/nima/Developer/nullness-benchmarks/okbuck/buildSrc/src/main/java/com/uber/okbuck/core/dependency/BaseExternalDependency.java
103	com.uber.okbuck.OkBuckGradlePlugin	apply(org.gradle.api.Project)	104	[false]	com.facebook.infer.annotation.Initializer,java.lang.SuppressWarnings,java.lang.Override	public	false	/home/nima/Developer/nullness-benchmarks/okbuck/buildSrc/src/main/java/com/uber/okbuck/OkBuckGradlePlugin.java
105	com.uber.okbuck.core.task.OkBuckTask	OkBuckTask(com.uber.okbuck.extension.OkBuckExtension,com.uber.okbuck.extension.KotlinExtension,com.uber.okbuck.extension.ScalaExtension)	0	[false, false, false]	javax.inject.Inject	public	false	/home/nima/Developer/nullness-benchmarks/okbuck/buildSrc/src/main/java/com/uber/okbuck/core/task/OkBuckTask.java
106	com.uber.okbuck.core.task.OkBuckTask	okbuck()	0	[]	org.gradle.api.tasks.TaskAction	package	false	/home/nima/Developer/nullness-benchmarks/okbuck/buildSrc/src/main/java/com/uber/okbuck/core/task/OkBuckTask.java
107	com.uber.okbuck.core.task.OkBuckTask	getGroup()	108	[]	java.lang.Override	public	true	/home/nima/Developer/nullness-benchmarks/okbuck/buildSrc/src/main/java/com/uber/okbuck/core/task/OkBuckTask.java
109	com.uber.okbuck.core.task.OkBuckTask	getDescription()	110	[]	java.lang.Override	public	true	/home/nima/Developer/nullness-benchmarks/okbuck/buildSrc/src/main/java/com/uber/okbuck/core/task/OkBuckTask.java
111	com.uber.okbuck.core.task.OkBuckTask	okbuckDefs()	0	[]	org.gradle.api.tasks.OutputFile	public	true	/home/nima/Developer/nullness-benchmarks/okbuck/buildSrc/src/main/java/com/uber/okbuck/core/task/OkBuckTask.java
112	com.uber.okbuck.core.task.OkBuckTask	dotBuckConfig()	0	[]	org.gradle.api.tasks.OutputFile	public	true	/home/nima/Developer/nullness-benchmarks/okbuck/buildSrc/src/main/java/com/uber/okbuck/core/task/OkBuckTask.java
113	com.uber.okbuck.core.task.OkBuckTask	okbuckBuckConfig()	0	[]	org.gradle.api.tasks.OutputFile	public	true	/home/nima/Developer/nullness-benchmarks/okbuck/buildSrc/src/main/java/com/uber/okbuck/core/task/OkBuckTask.java
114	com.uber.okbuck.core.task.OkBuckTask	generate(com.uber.okbuck.extension.OkBuckExtension,java.lang.String,java.lang.String,java.lang.String,java.lang.String)	0	[false, true, true, true, true]		private	false	/home/nima/Developer/nullness-benchmarks/okbuck/buildSrc/src/main/java/com/uber/okbuck/core/task/OkBuckTask.java
115	com.uber.okbuck.core.model.base.Scope	getJavaResources()	0	[]		public	true	/home/nima/Developer/nullness-benchmarks/okbuck/buildSrc/src/main/java/com/uber/okbuck/core/model/base/Scope.java
116	com.uber.okbuck.core.model.base.Scope	getSources()	0	[]		public	true	/home/nima/Developer/nullness-benchmarks/okbuck/buildSrc/src/main/java/com/uber/okbuck/core/model/base/Scope.java
117	com.uber.okbuck.core.model.base.Scope	getTargetDeps()	0	[]		public	true	/home/nima/Developer/nullness-benchmarks/okbuck/buildSrc/src/main/java/com/uber/okbuck/core/model/base/Scope.java
118	com.uber.okbuck.core.model.base.Scope	getCompilerOptions()	0	[]		public	true	/home/nima/Developer/nullness-benchmarks/okbuck/buildSrc/src/main/java/com/uber/okbuck/core/model/base/Scope.java
119	com.uber.okbuck.core.model.base.Scope	getExternal()	0	[]		public	true	/home/nima/Developer/nullness-benchmarks/okbuck/buildSrc/src/main/java/com/uber/okbuck/core/model/base/Scope.java
120	com.uber.okbuck.core.model.base.Scope	Scope(org.gradle.api.Project,org.gradle.api.artifacts.Configuration,java.util.Set,java.util.Set,java.util.Map,com.uber.okbuck.core.dependency.DependencyCache)	0	[false, true, false, false, false, false]		package	false	/home/nima/Developer/nullness-benchmarks/okbuck/buildSrc/src/main/java/com/uber/okbuck/core/model/base/Scope.java
121	com.uber.okbuck.core.model.base.Scope	Scope(org.gradle.api.Project,org.gradle.api.artifacts.Configuration,java.util.Set,java.util.Set,java.util.Map)	0	[false, true, false, false, false]		protected	false	/home/nima/Developer/nullness-benchmarks/okbuck/buildSrc/src/main/java/com/uber/okbuck/core/model/base/Scope.java
122	com.uber.okbuck.core.model.base.Scope	getExternalDeps()	0	[]		public	true	/home/nima/Developer/nullness-benchmarks/okbuck/buildSrc/src/main/java/com/uber/okbuck/core/model/base/Scope.java
123	com.uber.okbuck.core.model.base.Scope	getExternalJarDeps()	0	[]		public	true	/home/nima/Developer/nullness-benchmarks/okbuck/buildSrc/src/main/java/com/uber/okbuck/core/model/base/Scope.java
124	com.uber.okbuck.core.model.base.Scope	getExternalAarDeps()	0	[]		public	true	/home/nima/Developer/nullness-benchmarks/okbuck/buildSrc/src/main/java/com/uber/okbuck/core/model/base/Scope.java
125	com.uber.okbuck.core.model.base.Scope	getPackagedLintJars()	0	[]		public	true	/home/nima/Developer/nullness-benchmarks/okbuck/buildSrc/src/main/java/com/uber/okbuck/core/model/base/Scope.java
126	com.uber.okbuck.core.model.base.Scope	getAnnotationProcessors()	0	[]		public	true	/home/nima/Developer/nullness-benchmarks/okbuck/buildSrc/src/main/java/com/uber/okbuck/core/model/base/Scope.java
127	com.uber.okbuck.core.model.base.Scope	hasAutoValueExtensions()	0	[]		public	false	/home/nima/Developer/nullness-benchmarks/okbuck/buildSrc/src/main/java/com/uber/okbuck/core/model/base/Scope.java
128	com.uber.okbuck.core.model.base.Scope	getAnnotationProcessorsUID()	0	[]		public	true	/home/nima/Developer/nullness-benchmarks/okbuck/buildSrc/src/main/java/com/uber/okbuck/core/model/base/Scope.java
129	com.uber.okbuck.core.model.base.Scope	getArtifacts(org.gradle.api.artifacts.Configuration,java.lang.String,org.gradle.api.specs.Spec)	0	[false, false, false]		private	true	/home/nima/Developer/nullness-benchmarks/okbuck/buildSrc/src/main/java/com/uber/okbuck/core/model/base/Scope.java
130	com.uber.okbuck.core.model.base.Scope	getArtifacts(org.gradle.api.artifacts.Configuration,org.gradle.api.specs.Spec,com.google.common.collect.ImmutableList)	0	[false, false, false]		private	true	/home/nima/Developer/nullness-benchmarks/okbuck/buildSrc/src/main/java/com/uber/okbuck/core/model/base/Scope.java
131	com.uber.okbuck.core.model.base.Scope	extractConfiguration(org.gradle.api.artifacts.Configuration)	0	[false]		private	false	/home/nima/Developer/nullness-benchmarks/okbuck/buildSrc/src/main/java/com/uber/okbuck/core/model/base/Scope.java
132	com.uber.okbuck.core.model.base.Scope	equals(java.lang.Object)	56	[false]	java.lang.Override	public	false	/home/nima/Developer/nullness-benchmarks/okbuck/buildSrc/src/main/java/com/uber/okbuck/core/model/base/Scope.java
133	com.uber.okbuck.core.model.base.Scope	hashCode()	58	[]	java.lang.Override	public	false	/home/nima/Developer/nullness-benchmarks/okbuck/buildSrc/src/main/java/com/uber/okbuck/core/model/base/Scope.java
134	com.uber.okbuck.core.model.base.Scope	builder(org.gradle.api.Project)	0	[false]		public	true	/home/nima/Developer/nullness-benchmarks/okbuck/buildSrc/src/main/java/com/uber/okbuck/core/model/base/Scope.java
135	com.uber.okbuck.core.model.base.Scope$Builder	Builder(org.gradle.api.Project)	0	[false]		private	false	/home/nima/Developer/nullness-benchmarks/okbuck/buildSrc/src/main/java/com/uber/okbuck/core/model/base/Scope.java
136	com.uber.okbuck.core.model.base.Scope$Builder	javaResourceDirs(java.util.Set)	0	[false]		public	true	/home/nima/Developer/nullness-benchmarks/okbuck/buildSrc/src/main/java/com/uber/okbuck/core/model/base/Scope.java
137	com.uber.okbuck.core.model.base.Scope$Builder	sourceDirs(java.util.Set)	0	[false]		public	true	/home/nima/Developer/nullness-benchmarks/okbuck/buildSrc/src/main/java/com/uber/okbuck/core/model/base/Scope.java
138	com.uber.okbuck.core.model.base.Scope$Builder	configuration(org.gradle.api.artifacts.Configuration)	0	[true]		public	true	/home/nima/Developer/nullness-benchmarks/okbuck/buildSrc/src/main/java/com/uber/okbuck/core/model/base/Scope.java
139	com.uber.okbuck.core.model.base.Scope$Builder	configuration(java.lang.String)	0	[false]		public	true	/home/nima/Developer/nullness-benchmarks/okbuck/buildSrc/src/main/java/com/uber/okbuck/core/model/base/Scope.java
140	com.uber.okbuck.core.model.base.Scope$Builder	depCache(com.uber.okbuck.core.dependency.DependencyCache)	0	[false]		public	true	/home/nima/Developer/nullness-benchmarks/okbuck/buildSrc/src/main/java/com/uber/okbuck/core/model/base/Scope.java
141	com.uber.okbuck.core.model.base.Scope$Builder	compilerOptions(com.uber.okbuck.core.model.base.Scope.Builder.COMPILER,java.util.List)	0	[false, false]		public	true	/home/nima/Developer/nullness-benchmarks/okbuck/buildSrc/src/main/java/com/uber/okbuck/core/model/base/Scope.java
142	com.uber.okbuck.core.model.base.Scope$Builder	build()	0	[]		public	true	/home/nima/Developer/nullness-benchmarks/okbuck/buildSrc/src/main/java/com/uber/okbuck/core/model/base/Scope.java
143	com.uber.okbuck.core.dependency.DependencyCache	DependencyCache(org.gradle.api.Project,com.uber.okbuck.core.manager.DependencyManager,java.lang.String)	0	[false, false, true]		public	false	/home/nima/Developer/nullness-benchmarks/okbuck/buildSrc/src/main/java/com/uber/okbuck/core/dependency/DependencyCache.java
144	com.uber.okbuck.core.dependency.DependencyCache	DependencyCache(org.gradle.api.Project,com.uber.okbuck.core.manager.DependencyManager)	0	[false, false]		public	false	/home/nima/Developer/nullness-benchmarks/okbuck/buildSrc/src/main/java/com/uber/okbuck/core/dependency/DependencyCache.java
145	com.uber.okbuck.core.dependency.DependencyCache	get(com.uber.okbuck.core.dependency.ExternalDependency,boolean)	0	[false, false]		public	true	/home/nima/Developer/nullness-benchmarks/okbuck/buildSrc/src/main/java/com/uber/okbuck/core/dependency/DependencyCache.java
146	com.uber.okbuck.core.dependency.DependencyCache	get(com.uber.okbuck.core.dependency.ExternalDependency)	0	[false]		public	true	/home/nima/Developer/nullness-benchmarks/okbuck/buildSrc/src/main/java/com/uber/okbuck/core/dependency/DependencyCache.java
147	com.uber.okbuck.core.dependency.DependencyCache	getPath(com.uber.okbuck.core.dependency.ExternalDependency)	0	[false]		public	true	/home/nima/Developer/nullness-benchmarks/okbuck/buildSrc/src/main/java/com/uber/okbuck/core/dependency/DependencyCache.java
148	com.uber.okbuck.core.dependency.DependencyCache	getAnnotationProcessors(com.uber.okbuck.core.dependency.ExternalDependency)	0	[false]		public	true	/home/nima/Developer/nullness-benchmarks/okbuck/buildSrc/src/main/java/com/uber/okbuck/core/dependency/DependencyCache.java
149	com.uber.okbuck.core.dependency.DependencyCache	hasAutoValueExtensions(com.uber.okbuck.core.dependency.ExternalDependency)	0	[false]		public	false	/home/nima/Developer/nullness-benchmarks/okbuck/buildSrc/src/main/java/com/uber/okbuck/core/dependency/DependencyCache.java
150	com.uber.okbuck.core.dependency.DependencyCache	getJarFileContent(java.io.File,java.lang.String)	0	[false, false]		private	true	/home/nima/Developer/nullness-benchmarks/okbuck/buildSrc/src/main/java/com/uber/okbuck/core/dependency/DependencyCache.java
151	com.uber.okbuck.core.dependency.DependencyCache	getLintJar(com.uber.okbuck.core.dependency.ExternalDependency)	0	[false]	javax.annotation.Nullable	public	true	/home/nima/Developer/nullness-benchmarks/okbuck/buildSrc/src/main/java/com/uber/okbuck/core/dependency/DependencyCache.java
152	com.uber.okbuck.core.dependency.DependencyCache	build(org.gradle.api.artifacts.Configuration)	0	[false]		public	true	/home/nima/Developer/nullness-benchmarks/okbuck/buildSrc/src/main/java/com/uber/okbuck/core/dependency/DependencyCache.java
153	com.uber.okbuck.core.dependency.DependencyCache	build(java.util.Set)	0	[false]		private	true	/home/nima/Developer/nullness-benchmarks/okbuck/buildSrc/src/main/java/com/uber/okbuck/core/dependency/DependencyCache.java
154	com.uber.okbuck.core.dependency.DependencyCache	artifactResolveException(java.lang.Exception)	0	[false]		private	true	/home/nima/Developer/nullness-benchmarks/okbuck/buildSrc/src/main/java/com/uber/okbuck/core/dependency/DependencyCache.java
155	com.uber.okbuck.core.model.base.TargetCache	getTargets(org.gradle.api.Project)	0	[false]		public	true	/home/nima/Developer/nullness-benchmarks/okbuck/buildSrc/src/main/java/com/uber/okbuck/core/model/base/TargetCache.java
156	com.uber.okbuck.core.model.base.TargetCache	getTargetForVariant(org.gradle.api.Project,java.lang.String)	0	[false, true]	javax.annotation.Nullable	public	true	/home/nima/Developer/nullness-benchmarks/okbuck/buildSrc/src/main/java/com/uber/okbuck/core/model/base/TargetCache.java
157	com.uber.okbuck.core.annotation.AnnotationProcessorCache	AnnotationProcessorCache(org.gradle.api.Project,java.lang.String)	0	[false, false]		public	false	/home/nima/Developer/nullness-benchmarks/okbuck/buildSrc/src/main/java/com/uber/okbuck/core/annotation/AnnotationProcessorCache.java
158	com.uber.okbuck.core.annotation.AnnotationProcessorCache	getAnnotationProcessorScopes(org.gradle.api.Project,java.lang.String)	0	[false, false]		public	true	/home/nima/Developer/nullness-benchmarks/okbuck/buildSrc/src/main/java/com/uber/okbuck/core/annotation/AnnotationProcessorCache.java
159	com.uber.okbuck.core.annotation.AnnotationProcessorCache	getAnnotationProcessorScopes(org.gradle.api.Project,org.gradle.api.artifacts.Configuration)	0	[false, false]		public	true	/home/nima/Developer/nullness-benchmarks/okbuck/buildSrc/src/main/java/com/uber/okbuck/core/annotation/AnnotationProcessorCache.java
160	com.uber.okbuck.core.annotation.AnnotationProcessorCache	hasEmptyAnnotationProcessors(org.gradle.api.Project,java.lang.String)	0	[false, false]	java.lang.SuppressWarnings	public	false	/home/nima/Developer/nullness-benchmarks/okbuck/buildSrc/src/main/java/com/uber/okbuck/core/annotation/AnnotationProcessorCache.java
161	com.uber.okbuck.core.annotation.AnnotationProcessorCache	hasEmptyAnnotationProcessors(org.gradle.api.Project,org.gradle.api.artifacts.Configuration)	0	[false, false]		public	false	/home/nima/Developer/nullness-benchmarks/okbuck/buildSrc/src/main/java/com/uber/okbuck/core/annotation/AnnotationProcessorCache.java
162	com.uber.okbuck.core.annotation.AnnotationProcessorCache	finalizeProcessors()	0	[]		public	false	/home/nima/Developer/nullness-benchmarks/okbuck/buildSrc/src/main/java/com/uber/okbuck/core/annotation/AnnotationProcessorCache.java
163	com.uber.okbuck.core.annotation.AnnotationProcessorCache	createProcessorScopes(org.gradle.api.Project,java.util.Set,boolean)	0	[false, false, false]		private	true	/home/nima/Developer/nullness-benchmarks/okbuck/buildSrc/src/main/java/com/uber/okbuck/core/annotation/AnnotationProcessorCache.java
164	com.uber.okbuck.core.annotation.AnnotationProcessorCache	getConfiguration(org.gradle.api.Project,java.lang.String)	0	[false, false]		private	true	/home/nima/Developer/nullness-benchmarks/okbuck/buildSrc/src/main/java/com/uber/okbuck/core/annotation/AnnotationProcessorCache.java
165	com.uber.okbuck.core.manager.DependencyManager	DependencyManager(org.gradle.api.Project,java.lang.String,com.uber.okbuck.extension.ExternalDependenciesExtension)	0	[false, false, false]		public	false	/home/nima/Developer/nullness-benchmarks/okbuck/buildSrc/src/main/java/com/uber/okbuck/core/manager/DependencyManager.java
166	com.uber.okbuck.core.manager.DependencyManager	addDependency(com.uber.okbuck.core.dependency.ExternalDependency)	0	[false]		public	false	/home/nima/Developer/nullness-benchmarks/okbuck/buildSrc/src/main/java/com/uber/okbuck/core/manager/DependencyManager.java
167	com.uber.okbuck.core.manager.DependencyManager	getCacheDirName()	0	[]		public	true	/home/nima/Developer/nullness-benchmarks/okbuck/buildSrc/src/main/java/com/uber/okbuck/core/manager/DependencyManager.java
168	com.uber.okbuck.core.manager.DependencyManager	getCacheDir()	0	[]		public	true	/home/nima/Developer/nullness-benchmarks/okbuck/buildSrc/src/main/java/com/uber/okbuck/core/manager/DependencyManager.java
169	com.uber.okbuck.core.manager.DependencyManager	finalizeDependencies()	0	[]		public	false	/home/nima/Developer/nullness-benchmarks/okbuck/buildSrc/src/main/java/com/uber/okbuck/core/manager/DependencyManager.java
170	com.uber.okbuck.core.manager.DependencyManager	validateDependencies()	0	[]		private	false	/home/nima/Developer/nullness-benchmarks/okbuck/buildSrc/src/main/java/com/uber/okbuck/core/manager/DependencyManager.java
171	com.uber.okbuck.core.manager.DependencyManager	processDependencies()	0	[]		private	false	/home/nima/Developer/nullness-benchmarks/okbuck/buildSrc/src/main/java/com/uber/okbuck/core/manager/DependencyManager.java
172	com.uber.okbuck.core.manager.DependencyManager	copyOrCreateSymlinks(java.nio.file.Path,java.util.Collection)	0	[false, false]		private	false	/home/nima/Developer/nullness-benchmarks/okbuck/buildSrc/src/main/java/com/uber/okbuck/core/manager/DependencyManager.java
173	com.uber.okbuck.core.manager.DependencyManager	composeBuckFile(java.nio.file.Path,java.util.Collection)	0	[false, false]		private	false	/home/nima/Developer/nullness-benchmarks/okbuck/buildSrc/src/main/java/com/uber/okbuck/core/manager/DependencyManager.java
174	com.uber.okbuck.core.manager.LintManager	LintManager(org.gradle.api.Project,java.lang.String)	0	[false, false]	java.lang.SuppressWarnings	public	false	/home/nima/Developer/nullness-benchmarks/okbuck/buildSrc/src/main/java/com/uber/okbuck/core/manager/LintManager.java
175	com.uber.okbuck.core.manager.LintManager	getDefaultLintVersion(org.gradle.api.Project)	0	[false]	javax.annotation.Nullable	public	true	/home/nima/Developer/nullness-benchmarks/okbuck/buildSrc/src/main/java/com/uber/okbuck/core/manager/LintManager.java
176	com.uber.okbuck.core.manager.LintManager	fetchLintDeps(java.lang.String)	0	[false]		public	false	/home/nima/Developer/nullness-benchmarks/okbuck/buildSrc/src/main/java/com/uber/okbuck/core/manager/LintManager.java
177	com.uber.okbuck.core.manager.LintManager	getLintDepsCache()	0	[]		public	true	/home/nima/Developer/nullness-benchmarks/okbuck/buildSrc/src/main/java/com/uber/okbuck/core/manager/LintManager.java
178	com.uber.okbuck.core.manager.LintManager	lintConfig(java.io.File)	0	[false]		public	true	/home/nima/Developer/nullness-benchmarks/okbuck/buildSrc/src/main/java/com/uber/okbuck/core/manager/LintManager.java
179	com.uber.okbuck.core.manager.LintManager	finalizeDependencies()	0	[]		public	false	/home/nima/Developer/nullness-benchmarks/okbuck/buildSrc/src/main/java/com/uber/okbuck/core/manager/LintManager.java
180	com.uber.okbuck.core.manager.KotlinManager	KotlinManager(org.gradle.api.Project)	0	[false]		public	false	/home/nima/Developer/nullness-benchmarks/okbuck/buildSrc/src/main/java/com/uber/okbuck/core/manager/KotlinManager.java
181	com.uber.okbuck.core.manager.KotlinManager	getDefaultKotlinVersion(org.gradle.api.Project)	0	[false]	javax.annotation.Nullable	public	true	/home/nima/Developer/nullness-benchmarks/okbuck/buildSrc/src/main/java/com/uber/okbuck/core/manager/KotlinManager.java
182	com.uber.okbuck.core.manager.KotlinManager	setupKotlinHome(java.lang.String)	0	[false]	java.lang.SuppressWarnings	public	false	/home/nima/Developer/nullness-benchmarks/okbuck/buildSrc/src/main/java/com/uber/okbuck/core/manager/KotlinManager.java
183	com.uber.okbuck.core.manager.KotlinManager	finalizeDependencies()	0	[]		public	false	/home/nima/Developer/nullness-benchmarks/okbuck/buildSrc/src/main/java/com/uber/okbuck/core/manager/KotlinManager.java
184	com.uber.okbuck.core.manager.KotlinManager	copyFile(java.nio.file.Path,java.nio.file.Path,java.lang.String,java.lang.String)	0	[false, false, false, false]		private	false	/home/nima/Developer/nullness-benchmarks/okbuck/buildSrc/src/main/java/com/uber/okbuck/core/manager/KotlinManager.java
185	com.uber.okbuck.core.manager.ScalaManager	ScalaManager(org.gradle.api.Project)	0	[false]		public	false	/home/nima/Developer/nullness-benchmarks/okbuck/buildSrc/src/main/java/com/uber/okbuck/core/manager/ScalaManager.java
186	com.uber.okbuck.core.manager.ScalaManager	setupScalaHome(java.lang.String)	0	[false]	java.lang.SuppressWarnings	public	false	/home/nima/Developer/nullness-benchmarks/okbuck/buildSrc/src/main/java/com/uber/okbuck/core/manager/ScalaManager.java
187	com.uber.okbuck.core.manager.ScalaManager	finalizeDependencies()	0	[]		public	false	/home/nima/Developer/nullness-benchmarks/okbuck/buildSrc/src/main/java/com/uber/okbuck/core/manager/ScalaManager.java
188	com.uber.okbuck.core.manager.GroovyManager	GroovyManager(org.gradle.api.Project)	0	[false]		public	false	/home/nima/Developer/nullness-benchmarks/okbuck/buildSrc/src/main/java/com/uber/okbuck/core/manager/GroovyManager.java
189	com.uber.okbuck.core.manager.GroovyManager	setupGroovyHome()	0	[]	java.lang.SuppressWarnings	public	false	/home/nima/Developer/nullness-benchmarks/okbuck/buildSrc/src/main/java/com/uber/okbuck/core/manager/GroovyManager.java
190	com.uber.okbuck.core.manager.GroovyManager	finalDependencies()	0	[]		public	false	/home/nima/Developer/nullness-benchmarks/okbuck/buildSrc/src/main/java/com/uber/okbuck/core/manager/GroovyManager.java
191	com.uber.okbuck.core.manager.TransformManager	TransformManager(org.gradle.api.Project)	0	[false]		public	false	/home/nima/Developer/nullness-benchmarks/okbuck/buildSrc/src/main/java/com/uber/okbuck/core/manager/TransformManager.java
192	com.uber.okbuck.core.manager.TransformManager	fetchTransformDeps()	0	[]		public	false	/home/nima/Developer/nullness-benchmarks/okbuck/buildSrc/src/main/java/com/uber/okbuck/core/manager/TransformManager.java
193	com.uber.okbuck.core.manager.TransformManager	finalizeDependencies()	0	[]		public	false	/home/nima/Developer/nullness-benchmarks/okbuck/buildSrc/src/main/java/com/uber/okbuck/core/manager/TransformManager.java
194	com.uber.okbuck.core.manager.TransformManager	copyFiles(java.nio.file.Path)	0	[false]		private	false	/home/nima/Developer/nullness-benchmarks/okbuck/buildSrc/src/main/java/com/uber/okbuck/core/manager/TransformManager.java
195	com.uber.okbuck.core.manager.TransformManager	composeBuckFile(java.nio.file.Path)	0	[false]		private	false	/home/nima/Developer/nullness-benchmarks/okbuck/buildSrc/src/main/java/com/uber/okbuck/core/manager/TransformManager.java
196	com.uber.okbuck.core.manager.TransformManager	getBashCommandAndTransformDeps(com.uber.okbuck.core.model.android.AndroidAppTarget)	0	[false]		public	true	/home/nima/Developer/nullness-benchmarks/okbuck/buildSrc/src/main/java/com/uber/okbuck/core/manager/TransformManager.java
197	com.uber.okbuck.core.manager.TransformManager	getBashCommandAndTransformDeps(com.uber.okbuck.core.model.android.AndroidAppTarget,java.util.Map)	0	[false, false]		private	true	/home/nima/Developer/nullness-benchmarks/okbuck/buildSrc/src/main/java/com/uber/okbuck/core/manager/TransformManager.java
198	com.uber.okbuck.core.manager.TransformManager	getTransformConfigRuleForFile(org.gradle.api.Project,java.io.File)	0	[false, false]		private	true	/home/nima/Developer/nullness-benchmarks/okbuck/buildSrc/src/main/java/com/uber/okbuck/core/manager/TransformManager.java
199	com.uber.okbuck.core.manager.TransformManager	getTransformFilePathForFile(org.gradle.api.Project,java.io.File)	0	[false, false]		private	true	/home/nima/Developer/nullness-benchmarks/okbuck/buildSrc/src/main/java/com/uber/okbuck/core/manager/TransformManager.java
200	com.uber.okbuck.core.manager.RobolectricManager	RobolectricManager(org.gradle.api.Project)	0	[false]		public	false	/home/nima/Developer/nullness-benchmarks/okbuck/buildSrc/src/main/java/com/uber/okbuck/core/manager/RobolectricManager.java
201	com.uber.okbuck.core.manager.RobolectricManager	download()	0	[]		public	false	/home/nima/Developer/nullness-benchmarks/okbuck/buildSrc/src/main/java/com/uber/okbuck/core/manager/RobolectricManager.java
202	com.uber.okbuck.core.manager.RobolectricManager	finalizeDependencies()	0	[]		public	false	/home/nima/Developer/nullness-benchmarks/okbuck/buildSrc/src/main/java/com/uber/okbuck/core/manager/RobolectricManager.java
203	com.uber.okbuck.core.manager.RobolectricManager$API	API(java.lang.String,java.lang.String)	0	[false, false]		private	false	/home/nima/Developer/nullness-benchmarks/okbuck/buildSrc/src/main/java/com/uber/okbuck/core/manager/RobolectricManager.java
204	com.uber.okbuck.core.manager.RobolectricManager$API	getCoordinates()	0	[]		package	true	/home/nima/Developer/nullness-benchmarks/okbuck/buildSrc/src/main/java/com/uber/okbuck/core/manager/RobolectricManager.java
205	com.uber.okbuck.core.manager.BuckManager	BuckManager(org.gradle.api.Project)	0	[false]		public	false	/home/nima/Developer/nullness-benchmarks/okbuck/buildSrc/src/main/java/com/uber/okbuck/core/manager/BuckManager.java
206	com.uber.okbuck.core.manager.BuckManager	setupBuckBinary()	0	[]		public	false	/home/nima/Developer/nullness-benchmarks/okbuck/buildSrc/src/main/java/com/uber/okbuck/core/manager/BuckManager.java
207	com.uber.okbuck.core.manager.BuckManager	finalizeDependencies()	0	[]		public	false	/home/nima/Developer/nullness-benchmarks/okbuck/buildSrc/src/main/java/com/uber/okbuck/core/manager/BuckManager.java
